"시도별","성별","연령별",1990,1990,1990,1990,1990,1990,1990,1990,1990,1990,1990
"시도별","성별","연령별",계,농림수렵업임업및어업,광업,제조업,전기가스및수도업,건설업,도소매및음식숙박업,운수창고통신업,금융보험부동산및사업서비스업,사회및개인서비스업,분류불능산업
"전국","계","계",15750691,3280453,62342,4320605,59992,1119049,3036552,816850,829299,2148202,77347
"전국","계","15 - 19세",551913,41375,613,315446,700,19371,82541,10624,37965,43268,10
"전국","계","20 - 24세",1765225,126725,3166,751099,4439,77499,339052,54493,123866,280802,4084
"전국","계","25 - 29세",2395036,200550,7189,874928,10313,146748,455226,121067,164243,395152,19620
"전국","계","30 - 34세",2579236,271586,11382,812655,14565,205474,535363,179503,144215,384504,19989
"전국","계","35 - 39세",2101248,285778,11400,557989,10823,186963,474571,153555,99870,303950,16349
"전국","계","40 - 44세",1720307,314687,9579,397547,8219,159846,395568,113526,74397,237324,9614
"전국","계","45 - 49세",1472969,382326,9234,281676,5489,133228,314993,85322,61642,193349,5710
"전국","계","50 - 54세",1300731,500050,6333,188610,4024,104301,224608,61128,53179,156988,1510
"전국","계","55 - 59세",923328,474347,2381,92173,1217,59365,126940,28244,38741,99469,451
"전국","계","60 - 64세",495690,327956,703,32305,120,18921,53698,7003,19129,35845,10
"전국","계","65세이상",445008,355073,362,16177,83,7333,33992,2385,12052,17551,0
"전국","남자","계",10454135,1846772,58706,2952013,55087,1037502,1761656,743930,560608,1361035,76826
"전국","남자","15 - 19세",187371,26598,425,96571,240,11628,29277,3403,7189,12030,10
"전국","남자","20 - 24세",686334,86684,2403,303788,2212,52240,119140,27655,30027,58229,3956
"전국","남자","25 - 29세",1747389,125964,6837,719218,9249,138145,296498,107689,115083,209246,19460
"전국","남자","30 - 34세",2000415,160107,11129,683355,14069,200218,352132,169304,117328,272879,19894
"전국","남자","35 - 39세",1552602,160591,10963,431151,10647,180310,287976,147575,80853,226219,16317
"전국","남자","40 - 44세",1225943,176245,9055,290046,8061,152150,231508,109851,58921,180532,9574
"전국","남자","45 - 49세",1003996,196719,8688,197912,5319,125431,183415,82862,47676,150309,5665
"전국","남자","50 - 54세",865517,260332,5925,131952,3902,97697,133792,59175,42892,128340,1510
"전국","남자","55 - 59세",589279,248261,2288,64199,1195,55484,75276,27421,32682,82043,430
"전국","남자","60 - 64세",303071,179092,651,22247,120,17444,31286,6740,16772,28709,10
"전국","남자","65세이상",292218,226179,342,11574,73,6755,21356,2255,11185,12499,0
"전국","여자","계",5296556,1433681,3636,1368592,4905,81547,1274896,72920,268691,787167,521
"전국","여자","15 - 19세",364542,14777,188,218875,460,7743,53264,7221,30776,31238,0
"전국","여자","20 - 24세",1078891,40041,763,447311,2227,25259,219912,26838,93839,222573,128
"전국","여자","25 - 29세",647647,74586,352,155710,1064,8603,158728,13378,49160,185906,160
"전국","여자","30 - 34세",578821,111479,253,129300,496,5256,183231,10199,26887,111625,95
"전국","여자","35 - 39세",548646,125187,437,126838,176,6653,186595,5980,19017,77731,32
"전국","여자","40 - 44세",494364,138442,524,107501,158,7696,164060,3675,15476,56792,40
"전국","여자","45 - 49세",468973,185607,546,83764,170,7797,131578,2460,13966,43040,45
"전국","여자","50 - 54세",435214,239718,408,56658,122,6604,90816,1953,10287,28648,0
"전국","여자","55 - 59세",334049,226086,93,27974,22,3881,51664,823,6059,17426,21
"전국","여자","60 - 64세",192619,148864,52,10058,0,1477,22412,263,2357,7136,0
"전국","여자","65세이상",152790,128894,20,4603,10,578,12636,130,867,5052,0
"서울특별시","계","계",3689810,18024,2270,1095132,14197,344787,1022578,220707,350397,613337,8381
"서울특별시","계","15 - 19세",126583,116,10,63814,125,5065,29935,3012,13394,11112,0
"서울특별시","계","20 - 24세",484615,658,138,195240,858,22975,124039,15673,49039,75734,261
"서울특별시","계","25 - 29세",653713,1334,185,231525,1943,44134,161665,30146,71264,109946,1571
"서울특별시","계","30 - 34세",631133,1802,330,191925,2983,58866,170631,43575,57144,102124,1753
"서울특별시","계","35 - 39세",517039,2250,389,134753,2569,56853,152695,38826,41217,86047,1440
"서울특별시","계","40 - 44세",440430,2451,351,106538,2450,53677,135525,32283,33283,72252,1620
"서울특별시","계","45 - 49세",363587,2766,360,79089,1534,45653,111670,27369,29555,64337,1254
"서울특별시","계","50 - 54세",259140,2546,237,53127,1289,34315,76240,18377,24746,47884,379
"서울특별시","계","55 - 59세",136555,1985,111,25078,384,16889,38234,8483,17149,28149,93
"서울특별시","계","60 - 64세",49389,1019,73,9100,41,4522,14153,2247,8161,10063,10
"서울특별시","계","65세이상",27626,1097,86,4943,21,1838,7791,716,5445,5689,0
"서울특별시","남자","계",2573921,13829,2079,750782,13004,319908,654585,196125,245745,369598,8266
"서울특별시","남자","15 - 19세",43323,95,0,22250,61,2709,10702,1001,3088,3417,0
"서울특별시","남자","20 - 24세",173129,458,33,74757,370,13995,46070,6875,13000,17320,251
"서울특별시","남자","25 - 29세",461158,1126,130,175199,1612,40469,111775,24943,49496,54869,1539
"서울특별시","남자","30 - 34세",500600,1476,319,157548,2836,57324,124209,40467,46957,67764,1700
"서울특별시","남자","35 - 39세",399327,1664,389,105499,2507,55313,102362,36577,34322,59254,1440
"서울특별시","남자","40 - 44세",338639,1806,351,82839,2420,51555,89209,31048,27350,50451,1610
"서울특별시","남자","45 - 49세",282293,2140,350,61348,1514,43708,74828,26457,23946,46748,1254
"서울특별시","남자","50 - 54세",205969,1910,237,41818,1248,32836,52409,17696,20673,36763,379
"서울특별시","남자","55 - 59세",109096,1578,111,19237,384,16035,27110,8172,14758,21628,83
"서울특별시","남자","60 - 64세",38551,714,73,6516,41,4250,10263,2194,7181,7309,10
"서울특별시","남자","65세이상",21836,862,86,3771,11,1714,5648,695,4974,4075,0
"서울특별시","여자","계",1115889,4195,191,344350,1193,24879,367993,24582,104652,243739,115
"서울특별시","여자","15 - 19세",83260,21,10,41564,64,2356,19233,2011,10306,7695,0
"서울특별시","여자","20 - 24세",311486,200,105,120483,488,8980,77969,8798,36039,58414,10
"서울특별시","여자","25 - 29세",192555,208,55,56326,331,3665,49890,5203,21768,55077,32
"서울특별시","여자","30 - 34세",130533,326,11,34377,147,1542,46422,3108,10187,34360,53
"서울특별시","여자","35 - 39세",117712,586,0,29254,62,1540,50333,2249,6895,26793,0
"서울특별시","여자","40 - 44세",101791,645,0,23699,30,2122,46316,1235,5933,21801,10
"서울특별시","여자","45 - 49세",81294,626,10,17741,20,1945,36842,912,5609,17589,0
"서울특별시","여자","50 - 54세",53171,636,0,11309,41,1479,23831,681,4073,11121,0
"서울특별시","여자","55 - 59세",27459,407,0,5841,0,854,11124,311,2391,6521,10
"서울특별시","여자","60 - 64세",10838,305,0,2584,0,272,3890,53,980,2754,0
"서울특별시","여자","65세이상",5790,235,0,1172,10,124,2143,21,471,1614,0
"부산직할시","계","계",1336718,35307,473,535164,5597,89253,296449,116742,68017,186540,3176
"부산직할시","계","15 - 19세",65310,314,0,47360,30,1336,7189,1447,3965,3669,0
"부산직할시","계","20 - 24세",168956,1166,41,89567,407,5217,30738,6845,9787,25071,117
"부산직할시","계","25 - 29세",203020,3050,62,90587,1006,9574,39779,13218,12758,32350,636
"부산직할시","계","30 - 34세",231664,5338,101,92755,1107,14975,50638,22294,11006,32509,941
"부산직할시","계","35 - 39세",201623,5222,52,71370,999,15816,48675,22392,8606,27765,726
"부산직할시","계","40 - 44세",163902,5042,52,55988,769,13329,42151,19293,6042,20990,246
"부산직할시","계","45 - 49세",127810,4313,93,40325,709,11734,33444,14889,5106,16982,215
"부산직할시","계","50 - 54세",93448,4240,51,28311,401,9503,22182,10250,4238,14059,213
"부산직할시","계","55 - 59세",51641,3045,21,13153,159,5671,12819,4794,3524,8373,82
"부산직할시","계","60 - 64세",19389,2077,0,4227,10,1570,5301,997,1978,3229,0
"부산직할시","계","65세이상",9955,1500,0,1521,0,528,3533,323,1007,1543,0
"부산직할시","남자","계",880902,26741,453,332126,5170,82223,170877,108149,42483,109515,3165
"부산직할시","남자","15 - 19세",16777,204,0,11291,10,722,2532,445,626,947,0
"부산직할시","남자","20 - 24세",56317,771,31,32145,223,3329,10024,3243,2064,4370,117
"부산직할시","남자","25 - 29세",144841,2455,52,69623,905,8879,27045,11946,8463,14848,625
"부산직할시","남자","30 - 34세",177986,4538,101,72706,1056,14418,33063,21344,8409,21410,941
"부산직할시","남자","35 - 39세",148576,4299,52,51047,969,15010,29040,21814,6311,19308,726
"부산직할시","남자","40 - 44세",117325,4115,52,37285,758,12510,24328,18786,4372,14873,246
"부산직할시","남자","45 - 49세",91338,3283,93,26592,689,10905,18976,14562,3482,12541,215
"부산직할시","남자","50 - 54세",68841,3009,51,18643,391,9040,13288,9993,3118,11095,213
"부산직할시","남자","55 - 59세",38092,1887,21,8780,159,5441,7579,4724,2860,6559,82
"부산직할시","남자","60 - 64세",13778,1138,0,2953,10,1451,2856,979,1821,2570,0
"부산직할시","남자","65세이상",7031,1042,0,1061,0,518,2146,313,957,994,0
"부산직할시","여자","계",455816,8566,20,203038,427,7030,125572,8593,25534,77025,11
"부산직할시","여자","15 - 19세",48533,110,0,36069,20,614,4657,1002,3339,2722,0
"부산직할시","여자","20 - 24세",112639,395,10,57422,184,1888,20714,3602,7723,20701,0
"부산직할시","여자","25 - 29세",58179,595,10,20964,101,695,12734,1272,4295,17502,11
"부산직할시","여자","30 - 34세",53678,800,0,20049,51,557,17575,950,2597,11099,0
"부산직할시","여자","35 - 39세",53047,923,0,20323,30,806,19635,578,2295,8457,0
"부산직할시","여자","40 - 44세",46577,927,0,18703,11,819,17823,507,1670,6117,0
"부산직할시","여자","45 - 49세",36472,1030,0,13733,20,829,14468,327,1624,4441,0
"부산직할시","여자","50 - 54세",24607,1231,0,9668,10,463,8894,257,1120,2964,0
"부산직할시","여자","55 - 59세",13549,1158,0,4373,0,230,5240,70,664,1814,0
"부산직할시","여자","60 - 64세",5611,939,0,1274,0,119,2445,18,157,659,0
"부산직할시","여자","65세이상",2924,458,0,460,0,10,1387,10,50,549,0
"대구직할시","계","계",751498,16256,410,282879,2330,61417,178210,41738,39798,126394,2066
"대구직할시","계","15 - 19세",29973,20,0,20561,41,848,4211,356,2084,1852,0
"대구직할시","계","20 - 24세",95728,222,20,46507,204,3501,20230,2365,6414,16032,233
"대구직할시","계","25 - 29세",120407,463,70,51782,413,7261,24848,5696,7446,21645,783
"대구직할시","계","30 - 34세",131310,1299,50,51820,440,10449,30511,9275,6426,20660,380
"대구직할시","계","35 - 39세",109257,1714,41,37435,386,10189,29441,8188,4201,17453,209
"대구직할시","계","40 - 44세",91053,2437,50,28241,321,8847,25158,6518,3854,15377,250
"대구직할시","계","45 - 49세",70743,2193,71,21169,305,8140,18946,4714,3135,11968,102
"대구직할시","계","50 - 54세",53984,2623,40,14453,160,6690,13401,2823,2756,10959,79
"대구직할시","계","55 - 59세",31929,2195,40,7499,60,3953,7601,1423,2078,7050,30
"대구직할시","계","60 - 64세",11043,1522,0,2192,0,1186,2489,330,873,2451,0
"대구직할시","계","65세이상",6071,1568,28,1220,0,353,1374,50,531,947,0
"대구직할시","남자","계",507606,10378,410,187000,2148,58106,102226,38699,26080,80533,2026
"대구직할시","남자","15 - 19세",9208,10,0,6000,21,528,1470,143,417,619,0
"대구직할시","남자","20 - 24세",32915,152,20,18063,82,2406,6242,1227,1380,3120,223
"대구직할시","남자","25 - 29세",89155,362,70,42704,393,6940,16477,5303,5457,10686,763
"대구직할시","남자","30 - 34세",101904,810,50,41827,440,10275,20032,8558,5093,14439,380
"대구직할시","남자","35 - 39세",80898,1065,41,27262,366,9889,17864,8039,3282,12881,209
"대구직할시","남자","40 - 44세",65793,1563,50,19816,321,8615,14300,6368,3007,11503,250
"대구직할시","남자","45 - 49세",50986,1320,71,13967,305,7808,11106,4584,2208,9525,92
"대구직할시","남자","50 - 54세",39982,1584,40,9670,160,6507,7968,2732,2207,9035,79
"대구직할시","남자","55 - 59세",24112,1472,40,5353,60,3716,4479,1383,1734,5845,30
"대구직할시","남자","60 - 64세",8088,857,0,1478,0,1089,1453,321,764,2126,0
"대구직할시","남자","65세이상",4565,1183,28,860,0,333,835,41,531,754,0
"대구직할시","여자","계",243892,5878,0,95879,182,3311,75984,3039,13718,45861,40
"대구직할시","여자","15 - 19세",20765,10,0,14561,20,320,2741,213,1667,1233,0
"대구직할시","여자","20 - 24세",62813,70,0,28444,122,1095,13988,1138,5034,12912,10
"대구직할시","여자","25 - 29세",31252,101,0,9078,20,321,8371,393,1989,10959,20
"대구직할시","여자","30 - 34세",29406,489,0,9993,0,174,10479,717,1333,6221,0
"대구직할시","여자","35 - 39세",28359,649,0,10173,20,300,11577,149,919,4572,0
"대구직할시","여자","40 - 44세",25260,874,0,8425,0,232,10858,150,847,3874,0
"대구직할시","여자","45 - 49세",19757,873,0,7202,0,332,7840,130,927,2443,10
"대구직할시","여자","50 - 54세",14002,1039,0,4783,0,183,5433,91,549,1924,0
"대구직할시","여자","55 - 59세",7817,723,0,2146,0,237,3122,40,344,1205,0
"대구직할시","여자","60 - 64세",2955,665,0,714,0,97,1036,9,109,325,0
"대구직할시","여자","65세이상",1506,385,0,360,0,20,539,9,0,193,0
"인천직할시","계","계",646474,13443,682,292321,2673,54715,122884,41730,36523,79298,2205
"인천직할시","계","15 - 19세",24056,116,0,15662,52,930,3421,461,1753,1661,0
"인천직할시","계","20 - 24세",81618,482,32,42020,240,4218,14420,2763,5471,11941,31
"인천직할시","계","25 - 29세",123568,953,64,63240,408,7950,20153,6485,7287,16499,529
"인천직할시","계","30 - 34세",133757,1455,116,63682,653,10639,24235,9449,7434,15437,657
"인천직할시","계","35 - 39세",94685,1636,171,40511,464,9246,19058,7991,4466,10719,423
"인천직할시","계","40 - 44세",68447,1788,93,27954,399,7947,14656,5521,2475,7301,313
"인천직할시","계","45 - 49세",48970,1668,113,18763,251,5394,10592,3680,2185,6102,222
"인천직할시","계","50 - 54세",35698,1770,42,11799,163,4274,7782,3031,2102,4705,30
"인천직할시","계","55 - 59세",21247,1330,0,5620,33,2705,4841,1693,1748,3277,0
"인천직할시","계","60 - 64세",9054,1054,21,2189,10,958,2344,458,917,1103,0
"인천직할시","계","65세이상",5374,1191,30,881,0,454,1382,198,685,553,0
"인천직할시","남자","계",464921,9860,600,215825,2411,50731,72367,38760,24447,47715,2205
"인천직할시","남자","15 - 19세",8962,105,0,5947,21,644,1233,148,391,473,0
"인천직할시","남자","20 - 24세",32615,358,21,18460,122,2860,5602,1593,1407,2161,31
"인천직할시","남자","25 - 29세",95565,754,53,53700,367,7476,13198,5971,5076,8441,529
"인천직할시","남자","30 - 34세",110307,1132,106,55816,632,10334,15668,9145,5812,11005,657
"인천직할시","남자","35 - 39세",74447,1296,151,32024,464,8955,12165,7760,3516,7693,423
"인천직할시","남자","40 - 44세",52066,1279,93,20820,389,7530,8745,5428,1864,5605,313
"인천직할시","남자","45 - 49세",36819,1219,83,13826,221,5082,6160,3588,1796,4622,222
"인천직할시","남자","50 - 54세",27053,1279,42,8838,152,3995,4444,2938,1558,3777,30
"인천직할시","남자","55 - 59세",16125,936,0,4025,33,2523,2841,1581,1496,2690,0
"인천직할시","남자","60 - 64세",6734,650,21,1672,10,919,1353,420,877,812,0
"인천직할시","남자","65세이상",4228,852,30,697,0,413,958,188,654,436,0
"인천직할시","여자","계",181553,3583,82,76496,262,3984,50517,2970,12076,31583,0
"인천직할시","여자","15 - 19세",15094,11,0,9715,31,286,2188,313,1362,1188,0
"인천직할시","여자","20 - 24세",49003,124,11,23560,118,1358,8818,1170,4064,9780,0
"인천직할시","여자","25 - 29세",28003,199,11,9540,41,474,6955,514,2211,8058,0
"인천직할시","여자","30 - 34세",23450,323,10,7866,21,305,8567,304,1622,4432,0
"인천직할시","여자","35 - 39세",20238,340,20,8487,0,291,6893,231,950,3026,0
"인천직할시","여자","40 - 44세",16381,509,0,7134,10,417,5911,93,611,1696,0
"인천직할시","여자","45 - 49세",12151,449,30,4937,30,312,4432,92,389,1480,0
"인천직할시","여자","50 - 54세",8645,491,0,2961,11,279,3338,93,544,928,0
"인천직할시","여자","55 - 59세",5122,394,0,1595,0,182,2000,112,252,587,0
"인천직할시","여자","60 - 64세",2320,404,0,517,0,39,991,38,40,291,0
"인천직할시","여자","65세이상",1146,339,0,184,0,41,424,10,31,117,0
"광주직할시","계","계",338505,28103,822,69752,2004,31720,80112,24960,22719,76352,1961
"광주직할시","계","15 - 19세",10536,83,0,4681,30,588,2524,253,911,1466,0
"광주직할시","계","20 - 24세",39099,470,31,13504,131,2205,9060,1400,3071,9132,95
"광주직할시","계","25 - 29세",53560,1351,75,14872,267,4334,11954,3072,4272,12803,560
"광주직할시","계","30 - 34세",57727,2448,61,12794,497,5689,14184,5687,3963,11870,534
"광주직할시","계","35 - 39세",47753,2274,139,9099,328,5021,12190,5084,2887,10362,369
"광주직할시","계","40 - 44세",42157,2958,180,6392,330,5066,10762,3972,2220,10057,220
"광주직할시","계","45 - 49세",33233,3472,176,4002,156,3750,8987,2672,1873,8013,132
"광주직할시","계","50 - 54세",25811,4079,120,2673,194,2794,5737,1849,1502,6823,40
"광주직할시","계","55 - 59세",16101,4305,20,1168,61,1686,2924,704,1149,4073,11
"광주직할시","계","60 - 64세",7523,3220,20,366,10,482,1307,183,568,1367,0
"광주직할시","계","65세이상",5005,3443,0,201,0,105,483,84,303,386,0
"광주직할시","남자","계",231928,15273,782,49386,1818,29048,45904,22863,15086,49807,1961
"광주직할시","남자","15 - 19세",3038,73,0,1356,0,295,942,51,115,206,0
"광주직할시","남자","20 - 24세",13189,283,11,4996,66,1497,3342,727,588,1584,95
"광주직할시","남자","25 - 29세",37902,620,65,12874,237,4128,7558,2758,3021,6081,560
"광주직할시","남자","30 - 34세",44974,1410,51,11200,467,5501,9202,5261,3044,8304,534
"광주직할시","남자","35 - 39세",36419,1356,139,7290,307,4814,7132,4853,2326,7833,369
"광주직할시","남자","40 - 44세",31695,1578,180,5155,320,4657,6235,3793,1674,7883,220
"광주직할시","남자","45 - 49세",24726,1867,176,3025,156,3420,5145,2630,1406,6769,132
"광주직할시","남자","50 - 54세",19535,1990,120,2018,194,2615,3466,1819,1176,6097,40
"광주직할시","남자","55 - 59세",11696,2060,20,977,61,1596,1680,704,978,3609,11
"광주직할시","남자","60 - 64세",5267,1866,20,335,10,420,799,183,455,1179,0
"광주직할시","남자","65세이상",3487,2170,0,160,0,105,403,84,303,262,0
"광주직할시","여자","계",106577,12830,40,20366,186,2672,34208,2097,7633,26545,0
"광주직할시","여자","15 - 19세",7498,10,0,3325,30,293,1582,202,796,1260,0
"광주직할시","여자","20 - 24세",25910,187,20,8508,65,708,5718,673,2483,7548,0
"광주직할시","여자","25 - 29세",15658,731,10,1998,30,206,4396,314,1251,6722,0
"광주직할시","여자","30 - 34세",12753,1038,10,1594,30,188,4982,426,919,3566,0
"광주직할시","여자","35 - 39세",11334,918,0,1809,21,207,5058,231,561,2529,0
"광주직할시","여자","40 - 44세",10462,1380,0,1237,10,409,4527,179,546,2174,0
"광주직할시","여자","45 - 49세",8507,1605,0,977,0,330,3842,42,467,1244,0
"광주직할시","여자","50 - 54세",6276,2089,0,655,0,179,2271,30,326,726,0
"광주직할시","여자","55 - 59세",4405,2245,0,191,0,90,1244,0,171,464,0
"광주직할시","여자","60 - 64세",2256,1354,0,31,0,62,508,0,113,188,0
"광주직할시","여자","65세이상",1518,1273,0,41,0,0,80,0,0,124,0
"대전직할시","계","계",326615,12371,185,80201,1886,33633,76922,23925,21921,72968,2603
"대전직할시","계","15 - 19세",13503,40,10,7897,0,680,2402,231,882,1361,0
"대전직할시","계","20 - 24세",35422,249,11,11322,62,1947,8745,1247,2806,8942,91
"대전직할시","계","25 - 29세",49707,616,20,13881,279,4194,10347,3663,3947,12391,369
"대전직할시","계","30 - 34세",60288,956,51,15055,434,6335,14003,5631,3946,13386,491
"대전직할시","계","35 - 39세",49843,1138,20,11179,346,5966,11937,4585,3015,10916,741
"대전직할시","계","40 - 44세",40766,1312,20,8058,340,5359,10559,3417,2172,8872,657
"대전직할시","계","45 - 49세",30838,1351,10,6130,151,3764,8275,2382,1840,6721,214
"대전직할시","계","50 - 54세",23343,2020,43,4052,166,2837,5629,1779,1509,5288,20
"대전직할시","계","55 - 59세",13853,1828,0,1905,98,1726,3003,778,1011,3484,20
"대전직할시","계","60 - 64세",5321,1314,0,516,0,551,1270,175,444,1051,0
"대전직할시","계","65세이상",3731,1547,0,206,10,274,752,37,349,556,0
"대전직할시","남자","계",228736,8908,185,53668,1795,31528,43051,22046,15354,49659,2542
"대전직할시","남자","15 - 19세",3374,40,10,1271,0,423,885,70,233,442,0
"대전직할시","남자","20 - 24세",11573,178,11,4255,32,1394,2807,662,653,1520,61
"대전직할시","남자","25 - 29세",37036,473,20,11445,238,4020,6952,3336,2826,7378,348
"대전직할시","남자","30 - 34세",48157,672,51,12572,424,6204,8888,5403,3299,10153,491
"대전직할시","남자","35 - 39세",38763,794,20,8664,346,5700,7047,4449,2392,8610,741
"대전직할시","남자","40 - 44세",30952,892,20,5904,340,5097,5847,3246,1702,7257,647
"대전직할시","남자","45 - 49세",23036,998,10,4617,151,3617,4512,2206,1400,5311,214
"대전직할시","남자","50 - 54세",17961,1330,43,3029,166,2663,3210,1731,1218,4551,20
"대전직할시","남자","55 - 59세",10745,1241,0,1347,88,1605,1693,749,925,3077,20
"대전직할시","남자","60 - 64세",4093,978,0,378,0,531,721,166,387,932,0
"대전직할시","남자","65세이상",3046,1312,0,186,10,274,489,28,319,428,0
"대전직할시","여자","계",97879,3463,0,26533,91,2105,33871,1879,6567,23309,61
"대전직할시","여자","15 - 19세",10129,0,0,6626,0,257,1517,161,649,919,0
"대전직할시","여자","20 - 24세",23849,71,0,7067,30,553,5938,585,2153,7422,30
"대전직할시","여자","25 - 29세",12671,143,0,2436,41,174,3395,327,1121,5013,21
"대전직할시","여자","30 - 34세",12131,284,0,2483,10,131,5115,228,647,3233,0
"대전직할시","여자","35 - 39세",11080,344,0,2515,0,266,4890,136,623,2306,0
"대전직할시","여자","40 - 44세",9814,420,0,2154,0,262,4712,171,470,1615,10
"대전직할시","여자","45 - 49세",7802,353,0,1513,0,147,3763,176,440,1410,0
"대전직할시","여자","50 - 54세",5382,690,0,1023,0,174,2419,48,291,737,0
"대전직할시","여자","55 - 59세",3108,587,0,558,10,121,1310,29,86,407,0
"대전직할시","여자","60 - 64세",1228,336,0,138,0,20,549,9,57,119,0
"대전직할시","여자","65세이상",685,235,0,20,0,0,263,9,30,128,0
"경기도","계","계",2296200,319636,2511,874296,5861,171469,401245,98925,118457,278813,24987
"경기도","계","15 - 19세",99356,2513,67,69178,54,2579,11675,1426,5051,6803,10
"경기도","계","20 - 24세",299185,11831,171,164887,461,11418,46771,6999,16497,38751,1399
"경기도","계","25 - 29세",416771,23511,437,193189,1200,23075,69423,16077,24452,58295,7112
"경기도","계","30 - 34세",453363,34410,403,180823,1763,37008,82335,26007,24760,59054,6800
"경기도","계","35 - 39세",314015,32246,385,107079,1046,31267,64941,18863,14453,38307,5428
"경기도","계","40 - 44세",209870,30479,181,63421,553,22223,44745,11675,9234,25076,2283
"경기도","계","45 - 49세",165953,35994,308,42924,362,17644,32358,7914,7119,19732,1598
"경기도","계","50 - 54세",143531,46221,285,28682,317,14011,24576,6124,6989,16059,267
"경기도","계","55 - 59세",100830,43070,129,15694,94,8222,14504,2799,5490,10738,90
"경기도","계","60 - 64세",49555,27299,123,5933,0,2829,6045,797,2796,3733,0
"경기도","계","65세이상",43771,32062,22,2486,11,1193,3872,244,1616,2265,0
"경기도","남자","계",1601868,217152,2240,606192,5201,160431,239357,89934,82057,174460,24844
"경기도","남자","15 - 19세",38408,2048,56,27415,22,1519,4166,531,806,1835,10
"경기도","남자","20 - 24세",121416,9550,129,69158,164,7494,17101,3666,4342,8459,1353
"경기도","남자","25 - 29세",320338,17351,386,162397,1045,21818,46222,14311,17306,32434,7068
"경기도","남자","30 - 34세",369729,23961,360,155241,1680,36303,56831,24781,20504,43300,6768
"경기도","남자","35 - 39세",244215,21649,334,84491,1035,30335,41346,18378,11993,29247,5407
"경기도","남자","40 - 44세",154866,20976,170,45080,523,21612,26420,11255,7397,19150,2283
"경기도","남자","45 - 49세",115199,22357,266,28199,342,16736,18109,7630,5384,14578,1598
"경기도","남자","50 - 54세",99563,29942,265,17998,297,13114,13959,5755,5624,12342,267
"경기도","남자","55 - 59세",70942,27858,129,10192,82,7820,8801,2641,4777,8552,90
"경기도","남자","60 - 64세",34121,17668,123,4165,0,2580,3636,742,2409,2798,0
"경기도","남자","65세이상",33071,23792,22,1856,11,1100,2766,244,1515,1765,0
"경기도","여자","계",694332,102484,271,268104,660,11038,161888,8991,36400,104353,143
"경기도","여자","15 - 19세",60948,465,11,41763,32,1060,7509,895,4245,4968,0
"경기도","여자","20 - 24세",177769,2281,42,95729,297,3924,29670,3333,12155,30292,46
"경기도","여자","25 - 29세",96433,6160,51,30792,155,1257,23201,1766,7146,25861,44
"경기도","여자","30 - 34세",83634,10449,43,25582,83,705,25504,1226,4256,15754,32
"경기도","여자","35 - 39세",69800,10597,51,22588,11,932,23595,485,2460,9060,21
"경기도","여자","40 - 44세",55004,9503,11,18341,30,611,18325,420,1837,5926,0
"경기도","여자","45 - 49세",50754,13637,42,14725,20,908,14249,284,1735,5154,0
"경기도","여자","50 - 54세",43968,16279,20,10684,20,897,10617,369,1365,3717,0
"경기도","여자","55 - 59세",29888,15212,0,5502,12,402,5703,158,713,2186,0
"경기도","여자","60 - 64세",15434,9631,0,1768,0,249,2409,55,387,935,0
"경기도","여자","65세이상",10700,8270,0,630,0,93,1106,0,101,500,0
"강원도","계","계",549100,178972,33021,53337,3541,37088,93447,28076,18413,88425,14780
"강원도","계","15 - 19세",11674,1847,178,3034,52,915,2223,327,1080,2018,0
"강원도","계","20 - 24세",45575,6959,1239,7266,264,2631,9379,2182,3035,11795,825
"강원도","계","25 - 29세",69807,11813,3562,7988,535,4633,12686,4385,3548,16464,4193
"강원도","계","30 - 34세",85335,17164,7005,9580,868,6090,15439,6175,3281,15879,3854
"강원도","계","35 - 39세",73761,16903,6551,7387,675,5139,14149,5300,2213,12072,3372
"강원도","계","40 - 44세",54892,15003,5365,5348,442,3841,10785,3083,1445,8123,1457
"강원도","계","45 - 49세",59783,21344,4881,4709,449,4724,10541,2678,1280,8262,915
"강원도","계","50 - 54세",59353,28123,3069,3942,161,4617,8385,2429,1112,7384,131
"강원도","계","55 - 59세",41842,24113,857,2382,54,2986,5123,1193,788,4313,33
"강원도","계","60 - 64세",23261,16424,208,892,20,1064,2668,237,326,1422,0
"강원도","계","65세이상",23817,19279,106,809,21,448,2069,87,305,693,0
"강원도","남자","계",370526,112053,31490,32855,3228,33310,46486,25658,11479,59219,14748
"강원도","남자","15 - 19세",4475,1269,123,973,0,585,772,82,181,490,0
"강원도","남자","20 - 24세",20312,5347,919,3181,139,1877,3300,1314,614,2806,815
"강원도","남자","25 - 29세",50372,8261,3477,6402,483,4429,7544,4028,2403,9163,4182
"강원도","남자","30 - 34세",65543,11625,6908,7104,857,5959,8848,5818,2623,11947,3854
"강원도","남자","35 - 39세",54350,10490,6388,4638,675,4849,7472,5061,1697,9719,3361
"강원도","남자","40 - 44세",38320,9226,5069,3289,409,3427,4779,2960,1079,6625,1457
"강원도","남자","45 - 49세",39899,11954,4627,2622,419,4202,4867,2638,802,6853,915
"강원도","남자","50 - 54세",39866,16704,2912,2465,151,4016,3995,2301,877,6314,131
"강원도","남자","55 - 59세",26648,14079,795,1286,54,2596,2349,1163,623,3670,33
"강원도","남자","60 - 64세",14130,9608,176,472,20,933,1265,216,306,1134,0
"강원도","남자","65세이상",16611,13490,96,423,21,437,1295,77,274,498,0
"강원도","여자","계",178574,66919,1531,20482,313,3778,46961,2418,6934,29206,32
"강원도","여자","15 - 19세",7199,578,55,2061,52,330,1451,245,899,1528,0
"강원도","여자","20 - 24세",25263,1612,320,4085,125,754,6079,868,2421,8989,10
"강원도","여자","25 - 29세",19435,3552,85,1586,52,204,5142,357,1145,7301,11
"강원도","여자","30 - 34세",19792,5539,97,2476,11,131,6591,357,658,3932,0
"강원도","여자","35 - 39세",19411,6413,163,2749,0,290,6677,239,516,2353,11
"강원도","여자","40 - 44세",16572,5777,296,2059,33,414,6006,123,366,1498,0
"강원도","여자","45 - 49세",19884,9390,254,2087,30,522,5674,40,478,1409,0
"강원도","여자","50 - 54세",19487,11419,157,1477,10,601,4390,128,235,1070,0
"강원도","여자","55 - 59세",15194,10034,62,1096,0,390,2774,30,165,643,0
"강원도","여자","60 - 64세",9131,6816,32,420,0,131,1403,21,20,288,0
"강원도","여자","65세이상",7206,5789,10,386,0,11,774,10,31,195,0
"충청북도","계","계",520759,206605,3379,90991,1733,31129,80377,22470,16470,66226,1379
"충청북도","계","15 - 19세",17262,1788,62,10473,44,411,2135,287,705,1357,0
"충청북도","계","20 - 24세",47632,6635,103,17951,104,1878,7748,1471,3102,8508,132
"충청북도","계","25 - 29세",61650,11099,271,15826,314,3901,11477,3880,3042,11447,393
"충청북도","계","30 - 34세",74693,17531,495,14889,516,5344,15129,5860,2912,11658,359
"충청북도","계","35 - 39세",66383,19120,690,11790,384,5131,12541,4244,2052,10256,175
"충청북도","계","40 - 44세",49632,16365,438,7408,165,4234,9960,2357,1454,7091,160
"충청북도","계","45 - 49세",51873,23593,550,6160,132,3910,8604,1925,1184,5697,118
"충청북도","계","50 - 54세",54788,33138,545,4036,54,3215,6307,1622,826,5013,32
"충청북도","계","55 - 59세",43847,31388,214,1612,20,1991,3772,638,622,3580,10
"충청북도","계","60 - 64세",26367,21870,11,571,0,699,1651,145,327,1093,0
"충청북도","계","65세이상",26632,24078,0,275,0,415,1053,41,244,526,0
"충청북도","남자","계",321140,113097,3079,54051,1625,28839,42352,20605,10866,45247,1379
"충청북도","남자","15 - 19세",4596,1142,32,1728,33,237,873,64,108,379,0
"충청북도","남자","20 - 24세",17125,4447,93,5310,72,1391,2466,935,695,1584,132
"충청북도","남자","25 - 29세",43142,6233,271,12923,260,3793,6848,3503,2233,6685,393
"충청북도","남자","30 - 34세",54470,9687,495,12244,505,5267,9077,5566,2475,8795,359
"충청북도","남자","35 - 39세",45857,10445,663,8406,384,4917,6745,4060,1698,8364,175
"충청북도","남자","40 - 44세",32908,8846,409,4972,165,3998,5204,2255,1105,5794,160
"충청북도","남자","45 - 49세",31894,11633,448,3894,132,3606,4342,1861,953,4907,118
"충청북도","남자","50 - 54세",33333,17169,464,2793,54,2884,3332,1547,654,4404,32
"충청북도","남자","55 - 59세",25301,16026,193,1154,20,1768,1876,638,468,3148,10
"충청북도","남자","60 - 64세",15117,11910,11,437,0,616,892,135,264,852,0
"충청북도","남자","65세이상",17397,15559,0,190,0,362,697,41,213,335,0
"충청북도","여자","계",199619,93508,300,36940,108,2290,38025,1865,5604,20979,0
"충청북도","여자","15 - 19세",12666,646,30,8745,11,174,1262,223,597,978,0
"충청북도","여자","20 - 24세",30507,2188,10,12641,32,487,5282,536,2407,6924,0
"충청북도","여자","25 - 29세",18508,4866,0,2903,54,108,4629,377,809,4762,0
"충청북도","여자","30 - 34세",20223,7844,0,2645,11,77,6052,294,437,2863,0
"충청북도","여자","35 - 39세",20526,8675,27,3384,0,214,5796,184,354,1892,0
"충청북도","여자","40 - 44세",16724,7519,29,2436,0,236,4756,102,349,1297,0
"충청북도","여자","45 - 49세",19979,11960,102,2266,0,304,4262,64,231,790,0
"충청북도","여자","50 - 54세",21455,15969,81,1243,0,331,2975,75,172,609,0
"충청북도","여자","55 - 59세",18546,15362,21,458,0,223,1896,0,154,432,0
"충청북도","여자","60 - 64세",11250,9960,0,134,0,83,759,10,63,241,0
"충청북도","여자","65세이상",9235,8519,0,85,0,53,356,0,31,191,0
"충청남도","계","계",772647,425419,3453,91420,2115,42418,87806,24942,17508,73785,3781
"충청남도","계","15 - 19세",22220,5937,21,9686,10,1230,2408,163,1037,1728,0
"충청남도","계","20 - 24세",65533,19807,141,17486,180,4202,7793,1969,3253,10488,214
"충청남도","계","25 - 29세",87875,30692,377,15380,456,7167,11084,4644,3249,14032,794
"충청남도","계","30 - 34세",99299,38396,382,15357,687,7744,14275,6080,2864,12620,894
"충청남도","계","35 - 39세",88813,38210,635,11355,312,6215,14116,4965,2060,9839,1106
"충청남도","계","40 - 44세",80324,41506,660,8076,177,5032,11692,2906,1675,8023,577
"충청남도","계","45 - 49세",77815,48300,545,6394,143,4193,9591,1804,980,5678,187
"충청남도","계","50 - 54세",86030,62452,307,3943,129,3447,7815,1454,1009,5474,0
"충청남도","계","55 - 59세",76020,61050,290,2441,21,2113,5090,680,708,3618,9
"충청남도","계","60 - 64세",45477,39464,53,775,0,756,2417,158,372,1482,0
"충청남도","계","65세이상",43241,39605,42,527,0,319,1525,119,301,803,0
"충청남도","남자","계",485697,248177,3145,55756,2007,39850,48034,22955,11245,50747,3781
"충청남도","남자","15 - 19세",8332,3970,21,1681,0,945,916,42,164,593,0
"충청남도","남자","20 - 24세",32210,13723,94,6604,136,3503,3376,1134,672,2754,214
"충청남도","남자","25 - 29세",63080,19492,356,12673,433,6974,7091,4343,2355,8569,794
"충청남도","남자","30 - 34세",71010,22409,362,12639,666,7577,8554,5721,2413,9775,894
"충청남도","남자","35 - 39세",59664,21593,575,8155,312,6050,7657,4745,1652,7819,1106
"충청남도","남자","40 - 44세",52347,23990,569,5063,177,4833,6317,2826,1296,6699,577
"충청남도","남자","45 - 49세",47087,25892,506,3937,143,3904,5033,1765,762,4958,187
"충청남도","남자","50 - 54세",50578,33551,277,2555,119,3128,3996,1422,739,4791,0
"충청남도","남자","55 - 59세",44521,33490,290,1611,21,1957,2774,680,591,3098,9
"충청남도","남자","60 - 64세",27795,23483,53,517,0,720,1314,158,330,1220,0
"충청남도","남자","65세이상",29073,26584,42,321,0,259,1006,119,271,471,0
"충청남도","여자","계",286950,177242,308,35664,108,2568,39772,1987,6263,23038,0
"충청남도","여자","15 - 19세",13888,1967,0,8005,10,285,1492,121,873,1135,0
"충청남도","여자","20 - 24세",33323,6084,47,10882,44,699,4417,835,2581,7734,0
"충청남도","여자","25 - 29세",24795,11200,21,2707,23,193,3993,301,894,5463,0
"충청남도","여자","30 - 34세",28289,15987,20,2718,21,167,5721,359,451,2845,0
"충청남도","여자","35 - 39세",29149,16617,60,3200,0,165,6459,220,408,2020,0
"충청남도","여자","40 - 44세",27977,17516,91,3013,0,199,5375,80,379,1324,0
"충청남도","여자","45 - 49세",30728,22408,39,2457,0,289,4558,39,218,720,0
"충청남도","여자","50 - 54세",35452,28901,30,1388,10,319,3819,32,270,683,0
"충청남도","여자","55 - 59세",31499,27560,0,830,0,156,2316,0,117,520,0
"충청남도","여자","60 - 64세",17682,15981,0,258,0,36,1103,0,42,262,0
"충청남도","여자","65세이상",14168,13021,0,206,0,60,519,0,30,332,0
"전라북도","계","계",747166,364217,1196,93624,2368,32871,100730,31765,21573,98169,653
"전라북도","계","15 - 19세",23532,9227,10,8501,42,487,2370,455,879,1561,0
"전라북도","계","20 - 24세",57072,14614,54,15436,189,1814,9375,1533,3367,10628,62
"전라북도","계","25 - 29세",80202,21211,149,15771,320,3931,13194,5344,3986,16199,97
"전라북도","계","30 - 34세",95508,27004,197,15867,508,5989,17327,7348,3618,17545,105
"전라북도","계","35 - 39세",87054,29547,131,12216,441,5424,16351,6172,2600,13979,193
"전라북도","계","40 - 44세",85467,36326,177,10107,328,5106,13984,4669,2269,12386,115
"전라북도","계","45 - 49세",78047,41265,163,7187,257,4210,10985,2698,1687,9535,60
"전라북도","계","50 - 54세",83010,54515,160,4929,261,3157,8113,2274,1339,8241,21
"전라북도","계","55 - 59세",70952,54130,102,2259,22,1918,5178,1054,938,5351,0
"전라북도","계","60 - 64세",44961,38544,43,844,0,683,2199,156,474,2018,0
"전라북도","계","65세이상",41361,37834,10,507,0,152,1654,62,416,726,0
"전라북도","남자","계",453485,192444,1114,61027,2150,30658,54469,29510,13946,67514,653
"전라북도","남자","15 - 19세",9527,5068,10,2512,11,298,857,184,85,502,0
"전라북도","남자","20 - 24세",22794,9371,43,5398,58,1255,3020,956,618,2013,62
"전라북도","남자","25 - 29세",53856,12604,138,13132,286,3774,7612,4848,2660,8705,97
"전라북도","남자","30 - 34세",67083,14344,187,12930,486,5835,10527,6951,2907,12811,105
"전라북도","남자","35 - 39세",58728,15474,120,9117,441,5217,9170,5888,2119,10989,193
"전라북도","남자","40 - 44세",55524,18755,158,7105,328,4839,7855,4530,1735,10104,115
"전라북도","남자","45 - 49세",46495,19496,163,4962,257,3965,5581,2657,1301,8053,60
"전라북도","남자","50 - 54세",47676,25880,140,3221,261,2928,4621,2254,1042,7308,21
"전라북도","남자","55 - 59세",39466,26496,102,1659,22,1797,2990,1034,670,4696,0
"전라북도","남자","60 - 64세",25583,20656,43,619,0,608,1255,146,403,1853,0
"전라북도","남자","65세이상",26753,24300,10,372,0,142,981,62,406,480,0
"전라북도","여자","계",293681,171773,82,32597,218,2213,46261,2255,7627,30655,0
"전라북도","여자","15 - 19세",14005,4159,0,5989,31,189,1513,271,794,1059,0
"전라북도","여자","20 - 24세",34278,5243,11,10038,131,559,6355,577,2749,8615,0
"전라북도","여자","25 - 29세",26346,8607,11,2639,34,157,5582,496,1326,7494,0
"전라북도","여자","30 - 34세",28425,12660,10,2937,22,154,6800,397,711,4734,0
"전라북도","여자","35 - 39세",28326,14073,11,3099,0,207,7181,284,481,2990,0
"전라북도","여자","40 - 44세",29943,17571,19,3002,0,267,6129,139,534,2282,0
"전라북도","여자","45 - 49세",31552,21769,0,2225,0,245,5404,41,386,1482,0
"전라북도","여자","50 - 54세",35334,28635,20,1708,0,229,3492,20,297,933,0
"전라북도","여자","55 - 59세",31486,27634,0,600,0,121,2188,20,268,655,0
"전라북도","여자","60 - 64세",19378,17888,0,225,0,75,944,10,71,165,0
"전라북도","여자","65세이상",14608,13534,0,135,0,10,673,0,10,246,0
"전라남도","계","계",1017780,619656,4542,93802,3539,48582,104409,32398,20848,89146,858
"전라남도","계","15 - 19세",23593,11510,128,4150,46,1396,2625,396,1359,1983,0
"전라남도","계","20 - 24세",82793,34076,550,14842,316,4877,10133,2289,3785,11803,122
"전라남도","계","25 - 29세",111622,42620,780,20305,752,7259,12982,6188,3939,16591,206
"전라남도","계","30 - 34세",119751,47705,526,17246,953,9324,16713,7354,3509,16206,215
"전라남도","계","35 - 39세",106202,47266,617,13004,622,7314,15619,5724,2609,13248,179
"전라남도","계","40 - 44세",105164,58262,536,9545,339,6293,14392,4038,1818,9858,83
"전라남도","계","45 - 49세",107713,72037,666,6501,255,4725,12154,2950,1210,7184,31
"전라남도","계","50 - 54세",119974,93317,462,4123,164,3807,8770,2157,980,6183,11
"전라남도","계","55 - 59세",102412,86280,199,2217,83,2356,5468,940,877,3981,11
"전라남도","계","60 - 64세",69188,61506,47,1155,9,986,3080,233,551,1621,0
"전라남도","계","65세이상",69368,65077,31,714,0,245,2473,129,211,488,0
"전라남도","남자","계",602176,320819,4215,71454,3183,44018,52238,29915,13364,62123,847
"전라남도","남자","15 - 19세",11097,7027,95,1625,11,894,702,181,105,457,0
"전라남도","남자","20 - 24세",43442,21582,503,8887,138,3909,3355,1416,889,2652,111
"전라남도","남자","25 - 29세",78412,25395,726,18403,671,7030,7381,5744,2858,9998,206
"전라남도","남자","30 - 34세",83267,25968,495,15144,914,8928,9053,6900,3033,12617,215
"전라남도","남자","35 - 39세",68949,24033,554,10423,610,6852,7999,5456,2072,10771,179
"전라남도","남자","40 - 44세",64507,29526,516,7267,329,5735,7336,3955,1364,8396,83
"전라남도","남자","45 - 49세",59753,33935,627,4495,254,4100,6316,2888,935,6172,31
"전라남도","남자","50 - 54세",64563,44791,442,2743,164,3346,4632,2127,788,5519,11
"전라남도","남자","55 - 59세",53212,41489,189,1404,83,2137,2638,918,672,3671,11
"전라남도","남자","60 - 64세",35785,30527,47,637,9,892,1509,233,478,1453,0
"전라남도","남자","65세이상",39189,36546,21,426,0,195,1317,97,170,417,0
"전라남도","여자","계",415604,298837,327,22348,356,4564,52171,2483,7484,27023,11
"전라남도","여자","15 - 19세",12496,4483,33,2525,35,502,1923,215,1254,1526,0
"전라남도","여자","20 - 24세",39351,12494,47,5955,178,968,6778,873,2896,9151,11
"전라남도","여자","25 - 29세",33210,17225,54,1902,81,229,5601,444,1081,6593,0
"전라남도","여자","30 - 34세",36484,21737,31,2102,39,396,7660,454,476,3589,0
"전라남도","여자","35 - 39세",37253,23233,63,2581,12,462,7620,268,537,2477,0
"전라남도","여자","40 - 44세",40657,28736,20,2278,10,558,7056,83,454,1462,0
"전라남도","여자","45 - 49세",47960,38102,39,2006,1,625,5838,62,275,1012,0
"전라남도","여자","50 - 54세",55411,48526,20,1380,0,461,4138,30,192,664,0
"전라남도","여자","55 - 59세",49200,44791,10,813,0,219,2830,22,205,310,0
"전라남도","여자","60 - 64세",33403,30979,0,518,0,94,1571,0,73,168,0
"전라남도","여자","65세이상",30179,28531,10,288,0,50,1156,32,41,71,0
"경상북도","계","계",1172205,547508,7820,225783,4252,49799,150248,40089,27629,116469,2608
"경상북도","계","15 - 19세",35227,3684,62,22171,70,927,3425,553,1747,2588,0
"경상북도","계","20 - 24세",99800,14368,559,43672,414,3487,14563,2390,5146,15043,158
"경상북도","계","25 - 29세",132751,24982,899,44329,1168,6440,20077,6380,5531,22231,714
"경상북도","계","30 - 34세",152418,38615,1317,39608,1170,8737,25540,9105,4735,22663,928
"경상북도","계","35 - 39세",137002,46218,1360,28081,497,8202,23855,7693,3476,17218,402
"경상북도","계","40 - 44세",119706,51914,1292,19028,466,6857,19978,5488,2330,12118,235
"경상북도","계","45 - 49세",115079,65486,1117,12957,222,5688,16101,3809,1397,8170,132
"경상북도","계","50 - 54세",127320,88082,809,8926,148,4884,12795,2942,1474,7221,39
"경상북도","계","55 - 59세",108527,84870,326,4488,77,3018,7701,1223,969,5855,0
"경상북도","계","60 - 64세",69898,60236,72,1529,0,1074,3828,390,539,2230,0
"경상북도","계","65세이상",74477,69053,7,994,20,485,2385,116,285,1132,0
"경상북도","남자","계",707530,292128,7420,151057,3961,46053,71540,36886,17671,78216,2598
"경상북도","남자","15 - 19세",9949,2705,23,4066,19,588,1275,128,369,776,0
"경상북도","남자","20 - 24세",40873,10018,450,17893,284,2449,4453,1378,1083,2707,158
"경상북도","남자","25 - 29세",96964,14159,855,40210,1138,6194,10738,5769,4101,13086,714
"경상북도","남자","30 - 34세",110323,20632,1307,34737,1141,8496,13684,8556,3867,16985,918
"경상북도","남자","35 - 39세",91856,23750,1329,22327,487,7882,11881,7441,2731,13626,402
"경상북도","남자","40 - 44세",75847,27170,1234,13550,456,6537,9353,5320,1756,10236,235
"경상북도","남자","45 - 49세",65944,31573,1097,8505,201,5283,7682,3710,1014,6747,132
"경상북도","남자","50 - 54세",70645,43509,740,5441,138,4460,5994,2904,1238,6182,39
"경상북도","남자","55 - 59세",59458,42822,326,2706,77,2741,3606,1223,768,5189,0
"경상북도","남자","60 - 64세",38443,32025,52,916,0,1004,1706,360,480,1900,0
"경상북도","남자","65세이상",47228,43765,7,706,20,419,1168,97,264,782,0
"경상북도","여자","계",464675,255380,400,74726,291,3746,78708,3203,9958,38253,10
"경상북도","여자","15 - 19세",25278,979,39,18105,51,339,2150,425,1378,1812,0
"경상북도","여자","20 - 24세",58927,4350,109,25779,130,1038,10110,1012,4063,12336,0
"경상북도","여자","25 - 29세",35787,10823,44,4119,30,246,9339,611,1430,9145,0
"경상북도","여자","30 - 34세",42095,17983,10,4871,29,241,11856,549,868,5678,10
"경상북도","여자","35 - 39세",45146,22468,31,5754,10,320,11974,252,745,3592,0
"경상북도","여자","40 - 44세",43859,24744,58,5478,10,320,10625,168,574,1882,0
"경상북도","여자","45 - 49세",49135,33913,20,4452,21,405,8419,99,383,1423,0
"경상북도","여자","50 - 54세",56675,44573,69,3485,10,424,6801,38,236,1039,0
"경상북도","여자","55 - 59세",49069,42048,0,1782,0,277,4095,0,201,666,0
"경상북도","여자","60 - 64세",31455,28211,20,613,0,70,2122,30,59,330,0
"경상북도","여자","65세이상",27249,25288,0,288,0,66,1217,19,21,350,0
"경상남도","계","계",1384606,411203,1542,434594,7061,77358,199545,53814,41728,149885,7876
"경상남도","계","15 - 19세",44007,2946,65,28000,84,1606,4512,847,2722,3225,0
"경상남도","계","20 - 24세",138602,10738,76,70198,526,5624,18954,3326,7444,21372,344
"경상남도","계","25 - 29세",200344,20229,227,94880,1047,10723,27684,8510,7880,27512,1652
"경상남도","계","30 - 34세",223326,29372,343,89866,1787,15662,37114,12450,7293,27383,2056
"경상남도","계","35 - 39세",184346,34316,219,61710,1607,13156,33488,11313,5189,21762,1586
"경상남도","계","40 - 44세",147117,38999,174,40689,1051,10618,27135,6855,3629,16569,1398
"경상남도","계","45 - 49세",121689,47783,181,24884,532,8489,19577,4802,2668,12243,530
"경상남도","계","50 - 54세",117470,65399,163,15134,378,5980,14441,3421,2353,9953,248
"경상남도","계","55 - 59세",93606,64499,62,6463,29,3670,9187,1696,1584,6354,62
"경상남도","계","60 - 64세",58117,46861,32,1938,20,1354,4324,431,678,2479,0
"경상남도","계","65세이상",55982,50061,0,832,0,476,3129,163,288,1033,0
"경상남도","남자","계",906020,223528,1458,325203,6635,71356,97951,49728,26779,95604,7778
"경상남도","남자","15 - 19세",14371,2206,55,8324,31,984,1426,267,452,626,0
"경상남도","남자","20 - 24세",59145,7567,45,33925,281,3741,5933,1776,1715,3829,333
"경상남도","남자","25 - 29세",155582,12641,227,86343,988,10186,15449,7896,5848,14373,1631
"경상남도","남자","30 - 34세",174217,16746,332,80568,1776,15254,20259,11810,5854,19562,2056
"경상남도","남자","35 - 39세",134877,18523,208,50926,1597,12674,17395,10980,4115,16873,1586
"경상남도","남자","40 - 44세",101370,21267,174,31290,1041,9939,13560,6707,2888,13126,1378
"경상남도","남자","45 - 49세",76411,23528,171,17551,504,7998,9274,4671,2004,10215,495
"경상남도","남자","50 - 54세",69733,32220,152,10316,368,5506,7100,3382,1791,8650,248
"경상남도","남자","55 - 59세",52490,32073,62,4327,29,3374,4137,1665,1291,5481,51
"경상남도","남자","60 - 64세",32433,24917,32,1107,20,1244,2005,421,533,2154,0
"경상남도","남자","65세이상",35391,31840,0,526,0,456,1413,153,288,715,0
"경상남도","여자","계",478586,187675,84,109391,426,6002,101594,4086,14949,54281,98
"경상남도","여자","15 - 19세",29636,740,10,19676,53,622,3086,580,2270,2599,0
"경상남도","여자","20 - 24세",79457,3171,31,36273,245,1883,13021,1550,5729,17543,11
"경상남도","여자","25 - 29세",44762,7588,0,8537,59,537,12235,614,2032,13139,21
"경상남도","여자","30 - 34세",49109,12626,11,9298,11,408,16855,640,1439,7821,0
"경상남도","여자","35 - 39세",49469,15793,11,10784,10,482,16093,333,1074,4889,0
"경상남도","여자","40 - 44세",45747,17732,0,9399,10,679,13575,148,741,3443,20
"경상남도","여자","45 - 49세",45278,24255,10,7333,28,491,10303,131,664,2028,35
"경상남도","여자","50 - 54세",47737,33179,11,4818,10,474,7341,39,562,1303,0
"경상남도","여자","55 - 59세",41116,32426,0,2136,0,296,5050,31,293,873,11
"경상남도","여자","60 - 64세",25684,21944,0,831,0,110,2319,10,145,325,0
"경상남도","여자","65세이상",20591,18221,0,306,0,20,1716,10,0,318,0
"제주도","계","계",200608,83733,36,7309,835,12810,41590,14569,7298,32395,33
"제주도","계","15 - 19세",5081,1234,0,278,20,373,1486,410,396,884,0
"제주도","계","20 - 24세",23595,4450,0,1201,83,1505,7104,2041,1649,5562,0
"제주도","계","25 - 29세",30039,6626,11,1373,205,2172,7873,3379,1642,6747,11
"제주도","계","30 - 34세",29664,8091,5,1388,199,2623,7289,3213,1324,5510,22
"제주도","계","35 - 39세",23472,7718,0,1020,147,2024,5515,2215,826,4007,0
"제주도","계","40 - 44세",21380,9845,10,754,89,1417,4086,1451,497,3231,0
"제주도","계","45 - 49세",19836,10761,0,482,31,1210,3168,1036,423,2725,0
"제주도","계","50 - 54세",17831,11525,0,480,39,770,2435,596,244,1742,0
"제주도","계","55 - 59세",13966,10259,10,194,22,461,1495,146,106,1273,0
"제주도","계","60 - 64세",7147,5546,0,78,0,207,622,66,125,503,0
"제주도","계","65세이상",8597,7678,0,61,0,48,517,16,66,211,0
"제주도","남자","계",117679,42385,36,5631,751,11443,20219,12097,4006,21078,33
"제주도","남자","15 - 19세",1934,636,0,132,0,257,526,66,49,268,0
"제주도","남자","20 - 24세",9279,2879,0,756,45,1140,2049,753,307,1350,0
"제주도","남자","25 - 29세",19986,4038,11,1190,193,2035,4608,2990,980,3930,11
"제주도","남자","30 - 34세",20845,4697,5,1079,189,2543,4237,3023,1038,4012,22
"제주도","남자","35 - 39세",15676,4160,0,882,147,1853,2701,2074,627,3232,0
"제주도","남자","40 - 44세",13784,5256,10,611,85,1266,2020,1374,332,2830,0
"제주도","남자","45 - 49세",12116,5524,0,372,31,1097,1484,1015,283,2310,0
"제주도","남자","50 - 54세",10219,5464,0,404,39,659,1378,574,189,1512,0
"제주도","남자","55 - 59세",7375,4754,10,141,22,378,723,146,71,1130,0
"제주도","남자","60 - 64세",3153,2095,0,45,0,187,259,66,84,417,0
"제주도","남자","65세이상",3312,2882,0,19,0,28,234,16,46,87,0
"제주도","여자","계",82929,41348,0,1678,84,1367,21371,2472,3292,11317,0
"제주도","여자","15 - 19세",3147,598,0,146,20,116,960,344,347,616,0
"제주도","여자","20 - 24세",14316,1571,0,445,38,365,5055,1288,1342,4212,0
"제주도","여자","25 - 29세",10053,2588,0,183,12,137,3265,389,662,2817,0
"제주도","여자","30 - 34세",8819,3394,0,309,10,80,3052,190,286,1498,0
"제주도","여자","35 - 39세",7796,3558,0,138,0,171,2814,141,199,775,0
"제주도","여자","40 - 44세",7596,4589,0,143,4,151,2066,77,165,401,0
"제주도","여자","45 - 49세",7720,5237,0,110,0,113,1684,21,140,415,0
"제주도","여자","50 - 54세",7612,6061,0,76,0,111,1057,22,55,230,0
"제주도","여자","55 - 59세",6591,5505,0,53,0,83,772,0,35,143,0
"제주도","여자","60 - 64세",3994,3451,0,33,0,20,363,0,41,86,0
"제주도","여자","65세이상",5285,4796,0,42,0,20,283,0,20,124,0
