"행정구역별(시도)","성별","연령별",2020,2020,2020,2020,2020,2020,2020,2020,2020,2020,2020
"행정구역별(시도)","성별","연령별",취업인구(15세 이상)-계,관리자,전문가 및 관련 종사자,사무 종사자,서비스 종사자,판매 종사자,농림어업 숙련 종사자,기능원 및 관련 기능 종사자,장치기계조작 및 조립 종사자,단순 노무 종사자,기타
"전국","계","합계",25839568,208675,5135719,5230734,3260231,2901264,1101098,2322445,3135596,2428865,114941
"전국","계","15-19세",148593,268,9198,21950,46962,25546,1807,8173,12180,22492,17
"전국","계","20-24세",1180304,2539,221739,246476,248428,159389,9983,71446,104312,102589,13403
"전국","계","25-29세",2481650,6467,711297,635835,304939,250531,19973,166745,231380,131866,22617
"전국","계","30-34세",2425000,8453,706912,643982,248284,249895,23228,169001,240505,115756,18984
"전국","계","35-39세",2828107,13571,776087,728523,280348,308850,31338,226022,299882,145830,17656
"전국","계","40-44세",2964710,21092,762291,720659,300085,334466,40839,262046,334290,172145,16797
"전국","계","45-49세",3328514,31470,721351,749559,376403,399420,60550,332125,417121,225923,14592
"전국","계","50-54세",3289328,42056,553784,634994,436962,408334,93624,361791,468249,280883,8651
"전국","계","55-59세",2907381,43593,370463,455178,438942,345131,147918,337177,454393,312761,1825
"전국","계","60-64세",2152437,24946,191011,239201,331726,235998,202220,247341,334229,345486,279
"전국","계","65-69세",1127965,8889,70363,96589,154562,108254,179156,97583,163436,249058,75
"전국","계","70세 이상",1005579,5331,41223,57788,92590,75450,290462,42995,75619,324076,45
"전국","남자","합계",14755802,160678,2631027,2749669,1118225,1452961,672979,1949973,2576062,1338035,106193
"전국","남자","15-19세",64876,201,4000,7479,16095,9384,1121,5300,8807,12475,14
"전국","남자","20-24세",501808,1752,50154,79733,91605,63687,7127,53844,80404,61624,11878
"전국","남자","25-29세",1283728,4725,282489,267359,146326,131900,15171,139991,185900,89817,20050
"전국","남자","30-34세",1382615,6222,346819,315011,120974,140937,16690,145610,196248,76730,17374
"전국","남자","35-39세",1684646,9839,414645,377573,127297,175983,22895,196926,248505,94709,16274
"전국","남자","40-44세",1738634,15573,397278,378282,118117,177869,29856,227439,274483,103679,16058
"전국","남자","45-49세",1914219,23796,382392,397913,123117,193583,42563,282559,327791,126407,14098
"전국","남자","50-54세",1882306,32616,299631,367791,120899,183366,59051,298047,366334,146224,8347
"전국","남자","55-59세",1712828,33557,228495,291090,106883,157724,87606,276299,374494,154957,1723
"전국","남자","60-64세",1304353,20267,137665,158482,75330,116731,116748,206689,293907,178277,257
"전국","남자","65-69세",701822,7481,54433,67749,41498,59809,102252,82473,149831,136221,75
"전국","남자","70세 이상",583967,4649,33026,41207,30084,41988,171899,34796,69358,156915,45
"전국","여자","합계",11083766,47997,2504692,2481065,2142006,1448303,428119,372472,559534,1090830,8748
"전국","여자","15-19세",83717,67,5198,14471,30867,16162,686,2873,3373,10017,3
"전국","여자","20-24세",678496,787,171585,166743,156823,95702,2856,17602,23908,40965,1525
"전국","여자","25-29세",1197922,1742,428808,368476,158613,118631,4802,26754,45480,42049,2567
"전국","여자","30-34세",1042385,2231,360093,328971,127310,108958,6538,23391,44257,39026,1610
"전국","여자","35-39세",1143461,3732,361442,350950,153051,132867,8443,29096,51377,51121,1382
"전국","여자","40-44세",1226076,5519,365013,342377,181968,156597,10983,34607,59807,68466,739
"전국","여자","45-49세",1414295,7674,338959,351646,253286,205837,17987,49566,89330,99516,494
"전국","여자","50-54세",1407022,9440,254153,267203,316063,224968,34573,63744,101915,134659,304
"전국","여자","55-59세",1194553,10036,141968,164088,332059,187407,60312,60878,79899,157804,102
"전국","여자","60-64세",848084,4679,53346,80719,256396,119267,85472,40652,40322,167209,22
"전국","여자","65-69세",426143,1408,15930,28840,113064,48445,76904,15110,13605,112837,-
"전국","여자","70세 이상",421612,682,8197,16581,62506,33462,118563,8199,6261,167161,-
"동부","계","합계",20954311,178355,4552719,4537677,2652636,2509640,196155,1897943,2431206,1933167,64813
"동부","계","15-19세",123650,246,8066,18880,39713,21537,756,6799,9197,18456,-
"동부","계","20-24세",998644,2155,195724,213868,215752,140141,2663,57782,78309,85287,6963
"동부","계","25-29세",2137432,5812,639484,560286,265621,225164,5152,139190,175465,109827,11431
"동부","계","30-34세",2074351,7459,636630,565836,211773,221995,5717,140404,179929,94485,10123
"동부","계","35-39세",2386084,11695,691848,632521,233650,269240,8690,184815,225709,117418,10498
"동부","계","40-44세",2477682,18100,675463,620693,246418,289969,10992,214028,254046,138270,9703
"동부","계","45-49세",2764709,27182,640170,648566,306802,345369,15394,271011,320307,180723,9185
"동부","계","50-54세",2690117,36165,488148,547114,351277,353708,20702,295820,365275,226396,5512
"동부","계","55-59세",2301112,36573,320967,390260,345370,295587,28112,274516,357601,250992,1134
"동부","계","60-64세",1628507,20906,163525,206356,254312,199305,35363,201627,268360,278561,192
"동부","계","65-69세",792766,7546,58801,83343,114941,89630,27239,78590,134111,198532,33
"동부","계","70세 이상",579257,4516,33893,49954,67007,57995,35375,33361,62897,234220,39
"동부","남자","합계",11874428,137754,2341016,2362770,923492,1254904,130156,1588780,2004090,1071359,60107
"동부","남자","15-19세",52789,183,3517,6310,13463,7850,459,4300,6599,10108,-
"동부","남자","20-24세",407252,1442,44110,67137,78709,55023,1744,42775,59542,50438,6332
"동부","남자","25-29세",1077077,4183,252314,231667,126563,117444,3844,116274,140031,74537,10220
"동부","남자","30-34세",1164017,5511,313030,272738,104049,125000,4191,120631,146631,63035,9201
"동부","남자","35-39세",1408733,8511,372950,324571,107776,153834,6421,160928,187424,76763,9555
"동부","남자","40-44세",1441454,13419,356498,323881,98905,154390,8048,185159,208677,83215,9262
"동부","남자","45-49세",1575681,20594,343426,342537,101694,167083,10928,229499,251099,99965,8856
"동부","남자","50-54세",1529295,28148,265806,315550,98626,157919,13863,241965,286753,115310,5355
"동부","남자","55-59세",1357407,28356,198602,248278,84660,134791,18462,224198,296514,122476,1070
"동부","남자","60-64세",998863,17047,117933,136138,57546,98676,22400,168631,238009,142299,184
"동부","남자","65-69세",508731,6401,45539,58275,30078,49893,17121,66932,124255,110204,33
"동부","남자","70세 이상",353129,3959,27291,35688,21423,33001,22675,27488,58556,123009,39
"동부","여자","합계",9079883,40601,2211703,2174907,1729144,1254736,65999,309163,427116,861808,4706
"동부","여자","15-19세",70861,63,4549,12570,26250,13687,297,2499,2598,8348,-
"동부","여자","20-24세",591392,713,151614,146731,137043,85118,919,15007,18767,34849,631
"동부","여자","25-29세",1060355,1629,387170,328619,139058,107720,1308,22916,35434,35290,1211
"동부","여자","30-34세",910334,1948,323600,293098,107724,96995,1526,19773,33298,31450,922
"동부","여자","35-39세",977351,3184,318898,307950,125874,115406,2269,23887,38285,40655,943
"동부","여자","40-44세",1036228,4681,318965,296812,147513,135579,2944,28869,45369,55055,441
"동부","여자","45-49세",1189028,6588,296744,306029,205108,178286,4466,41512,69208,80758,329
"동부","여자","50-54세",1160822,8017,222342,231564,252651,195789,6839,53855,78522,111086,157
"동부","여자","55-59세",943705,8217,122365,141982,260710,160796,9650,50318,61087,128516,64
"동부","여자","60-64세",629644,3859,45592,70218,196766,100629,12963,32996,30351,136262,8
"동부","여자","65-69세",284035,1145,13262,25068,84863,39737,10118,11658,9856,88328,-
"동부","여자","70세 이상",226128,557,6602,14266,45584,24994,12700,5873,4341,111211,-
"읍부","계","합계",2549685,17084,362378,443294,332462,240665,203033,246493,419716,261804,22756
"읍부","계","15-19세",14974,3,738,1841,4428,2608,385,764,1670,2529,8
"읍부","계","20-24세",107685,230,17064,20310,20078,12302,1941,8004,14626,10492,2638
"읍부","계","25-29세",201818,421,46119,48602,22749,15831,3775,16065,31365,12130,4761
"읍부","계","30-34세",207060,618,45003,49649,21584,17719,5002,16761,34575,11996,4153
"읍부","계","35-39세",270780,1187,54864,63407,28217,25865,6748,25134,45032,16869,3457
"읍부","계","40-44세",304703,1972,58191,67516,33374,29430,8420,30540,51174,20634,3452
"읍부","계","45-49세",342124,2737,53465,67547,41634,35436,11961,37790,62177,26843,2534
"읍부","계","50-54세",330366,3369,39288,56225,47471,33669,17559,38578,62470,30310,1427
"읍부","계","55-59세",292219,3679,26284,38524,46765,28291,26052,34289,56280,31783,272
"읍부","계","60-64세",222453,1936,13032,18271,36713,20299,36728,24018,36800,34624,32
"읍부","계","65-69세",124495,568,4984,7060,18134,10112,32619,9541,16515,24940,22
"읍부","계","70세 이상",131008,364,3346,4342,11315,9103,51843,5009,7032,38654,-
"읍부","남자","합계",1494603,12850,174921,244123,104952,121398,126023,210301,336596,142403,21036
"읍부","남자","15-19세",6958,-,285,674,1611,969,213,539,1216,1443,8
"읍부","남자","20-24세",52739,169,3876,7454,7793,5366,1546,6363,11321,6574,2277
"읍부","남자","25-29세",116623,334,18920,22841,11065,8828,2983,13903,25214,8366,4169
"읍부","남자","30-34세",126529,444,21621,26705,9695,10142,3938,14638,27943,7533,3870
"읍부","남자","35-39세",166199,849,27062,34966,11591,14466,5185,21906,36513,10412,3249
"읍부","남자","40-44세",181378,1444,26956,36033,11643,15543,6107,26667,41517,12125,3343
"읍부","남자","45-49세",200500,2055,24924,36432,12610,17231,8389,32788,48407,15204,2460
"읍부","남자","50-54세",192897,2573,19805,33233,11959,15812,11102,32721,47530,16804,1358
"읍부","남자","55-59세",172913,2694,15547,25318,10630,13007,15653,28683,44991,16132,258
"읍부","남자","60-64세",132348,1530,9416,12355,7768,9840,21439,20346,31287,18345,22
"읍부","남자","65-69세",73630,456,3809,5037,5072,5437,18375,7804,14514,13104,22
"읍부","남자","70세 이상",71889,302,2700,3075,3515,4757,31093,3943,6143,16361,-
"읍부","여자","합계",1055082,4234,187457,199171,227510,119267,77010,36192,83120,119401,1720
"읍부","여자","15-19세",8016,3,453,1167,2817,1639,172,225,454,1086,-
"읍부","여자","20-24세",54946,61,13188,12856,12285,6936,395,1641,3305,3918,361
"읍부","여자","25-29세",85195,87,27199,25761,11684,7003,792,2162,6151,3764,592
"읍부","여자","30-34세",80531,174,23382,22944,11889,7577,1064,2123,6632,4463,283
"읍부","여자","35-39세",104581,338,27802,28441,16626,11399,1563,3228,8519,6457,208
"읍부","여자","40-44세",123325,528,31235,31483,21731,13887,2313,3873,9657,8509,109
"읍부","여자","45-49세",141624,682,28541,31115,29024,18205,3572,5002,13770,11639,74
"읍부","여자","50-54세",137469,796,19483,22992,35512,17857,6457,5857,14940,13506,69
"읍부","여자","55-59세",119306,985,10737,13206,36135,15284,10399,5606,11289,15651,14
"읍부","여자","60-64세",90105,406,3616,5916,28945,10459,15289,3672,5513,16279,10
"읍부","여자","65-69세",50865,112,1175,2023,13062,4675,14244,1737,2001,11836,-
"읍부","여자","70세 이상",59119,62,646,1267,7800,4346,20750,1066,889,22293,-
"면부","계","합계",2335572,13236,220622,249763,275133,150959,701910,178009,284674,233894,27372
"면부","계","15-19세",9969,19,394,1229,2821,1401,666,610,1313,1507,9
"면부","계","20-24세",73975,154,8951,12298,12598,6946,5379,5660,11377,6810,3802
"면부","계","25-29세",142400,234,25694,26947,16569,9536,11046,11490,24550,9909,6425
"면부","계","30-34세",143589,376,25279,28497,14927,10181,12509,11836,26001,9275,4708
"면부","계","35-39세",171243,689,29375,32595,18481,13745,15900,16073,29141,11543,3701
"면부","계","40-44세",182325,1020,28637,32450,20293,15067,21427,17478,29070,13241,3642
"면부","계","45-49세",221681,1551,27716,33446,27967,18615,33195,23324,34637,18357,2873
"면부","계","50-54세",268845,2522,26348,31655,38214,20957,55363,27393,40504,24177,1712
"면부","계","55-59세",314050,3341,23212,26394,46807,21253,93754,28372,40512,29986,419
"면부","계","60-64세",301477,2104,14454,14574,40701,16394,130129,21696,29069,32301,55
"면부","계","65-69세",210704,775,6578,6186,21487,8512,119298,9452,12810,25586,20
"면부","계","70세 이상",295314,451,3984,3492,14268,8352,203244,4625,5690,51202,6
"면부","남자","합계",1386771,10074,115090,142776,89781,76659,416800,150892,235376,124273,25050
"면부","남자","15-19세",5129,18,198,495,1021,565,449,461,992,924,6
"면부","남자","20-24세",41817,141,2168,5142,5103,3298,3837,4706,9541,4612,3269
"면부","남자","25-29세",90028,208,11255,12851,8698,5628,8344,9814,20655,6914,5661
"면부","남자","30-34세",92069,267,12168,15568,7230,5795,8561,10341,21674,6162,4303
"면부","남자","35-39세",109714,479,14633,18036,7930,7683,11289,14092,24568,7534,3470
"면부","남자","40-44세",115802,710,13824,18368,7569,7936,15701,15613,24289,8339,3453
"면부","남자","45-49세",138038,1147,14042,18944,8813,9269,23246,20272,28285,11238,2782
"면부","남자","50-54세",160114,1895,14020,19008,10314,9635,34086,23361,32051,14110,1634
"면부","남자","55-59세",182508,2507,14346,17494,11593,9926,53491,23418,32989,16349,395
"면부","남자","60-64세",173142,1690,10316,9989,10016,8215,72909,17712,24611,17633,51
"면부","남자","65-69세",119461,624,5085,4437,6348,4479,66756,7737,11062,12913,20
"면부","남자","70세 이상",158949,388,3035,2444,5146,4230,118131,3365,4659,17545,6
"면부","여자","합계",948801,3162,105532,106987,185352,74300,285110,27117,49298,109621,2322
"면부","여자","15-19세",4840,1,196,734,1800,836,217,149,321,583,3
"면부","여자","20-24세",32158,13,6783,7156,7495,3648,1542,954,1836,2198,533
"면부","여자","25-29세",52372,26,14439,14096,7871,3908,2702,1676,3895,2995,764
"면부","여자","30-34세",51520,109,13111,12929,7697,4386,3948,1495,4327,3113,405
"면부","여자","35-39세",61529,210,14742,14559,10551,6062,4611,1981,4573,4009,231
"면부","여자","40-44세",66523,310,14813,14082,12724,7131,5726,1865,4781,4902,189
"면부","여자","45-49세",83643,404,13674,14502,19154,9346,9949,3052,6352,7119,91
"면부","여자","50-54세",108731,627,12328,12647,27900,11322,21277,4032,8453,10067,78
"면부","여자","55-59세",131542,834,8866,8900,35214,11327,40263,4954,7523,13637,24
"면부","여자","60-64세",128335,414,4138,4585,30685,8179,57220,3984,4458,14668,4
"면부","여자","65-69세",91243,151,1493,1749,15139,4033,52542,1715,1748,12673,-
"면부","여자","70세 이상",136365,63,949,1048,9122,4122,85113,1260,1031,33657,-
"서울특별시","계","합계",4922176,43390,1278200,1288948,596333,637653,8334,375483,267304,419370,7161
"서울특별시","계","15-19세",29091,63,3068,5949,8596,5198,38,1471,858,3850,-
"서울특별시","계","20-24세",244769,480,52443,63843,55936,35748,210,10734,5633,18911,831
"서울특별시","계","25-29세",583947,1742,194162,178682,73798,66847,422,27037,14043,25602,1612
"서울특별시","계","30-34세",575690,2234,200291,185221,58092,65140,378,26880,14126,22135,1193
"서울특별시","계","35-39세",582260,2962,197360,183184,55191,70570,416,30792,17286,23523,976
"서울특별시","계","40-44세",543840,3900,176149,161234,50940,67511,578,35267,20560,26843,858
"서울특별시","계","45-49세",590124,5775,167285,162707,61630,79902,678,47745,29556,34053,793
"서울특별시","계","50-54세",564028,8408,126536,136396,66958,81408,920,59588,36785,46333,696
"서울특별시","계","55-59세",489202,8123,83119,100605,68708,71612,1135,59980,41608,54155,157
"서울특별시","계","60-64세",376133,5126,46116,62130,54435,52311,1491,46914,43059,64528,23
"서울특별시","계","65-69세",198190,2763,19431,29409,26457,24751,1074,19562,27243,47489,11
"서울특별시","계","70세 이상",144902,1814,12240,19588,15592,16655,994,9513,16547,51948,11
"서울특별시","남자","합계",2679464,34058,673817,635316,227990,329661,5985,293130,237880,235067,6560
"서울특별시","남자","15-19세",11801,55,1270,1917,2852,2030,38,874,680,2085,-
"서울특별시","남자","20-24세",86520,340,12438,18191,19434,13421,99,6976,4564,10276,781
"서울특별시","남자","25-29세",268785,1400,76249,69962,35936,34000,288,20638,11849,17010,1453
"서울특별시","남자","30-34세",299914,1722,98384,84864,29447,36392,254,21575,12102,14125,1049
"서울특별시","남자","35-39세",324954,2140,108123,89247,27004,41211,296,25527,14984,15568,854
"서울특별시","남자","40-44세",306562,2816,97462,80126,22978,38051,431,28751,17996,17156,795
"서울특별시","남자","45-49세",333542,4458,96991,84014,23447,40801,461,37756,25173,19691,750
"서울특별시","남자","50-54세",317197,6662,73259,75736,21037,38680,664,43988,32186,24309,676
"서울특별시","남자","55-59세",281222,6367,52074,60068,18829,33573,817,45306,36944,27087,157
"서울특별시","남자","60-64세",225750,4162,32806,37959,13477,26765,1176,37582,39667,32133,23
"서울특별시","남자","65-69세",128218,2320,14876,19669,7841,14260,759,16335,25880,26267,11
"서울특별시","남자","70세 이상",94999,1616,9885,13563,5708,10477,702,7822,15855,29360,11
"서울특별시","여자","합계",2242712,9332,604383,653632,368343,307992,2349,82353,29424,184303,601
"서울특별시","여자","15-19세",17290,8,1798,4032,5744,3168,-,597,178,1765,-
"서울특별시","여자","20-24세",158249,140,40005,45652,36502,22327,111,3758,1069,8635,50
"서울특별시","여자","25-29세",315162,342,117913,108720,37862,32847,134,6399,2194,8592,159
"서울특별시","여자","30-34세",275776,512,101907,100357,28645,28748,124,5305,2024,8010,144
"서울특별시","여자","35-39세",257306,822,89237,93937,28187,29359,120,5265,2302,7955,122
"서울특별시","여자","40-44세",237278,1084,78687,81108,27962,29460,147,6516,2564,9687,63
"서울특별시","여자","45-49세",256582,1317,70294,78693,38183,39101,217,9989,4383,14362,43
"서울특별시","여자","50-54세",246831,1746,53277,60660,45921,42728,256,15600,4599,22024,20
"서울특별시","여자","55-59세",207980,1756,31045,40537,49879,38039,318,14674,4664,27068,-
"서울특별시","여자","60-64세",150383,964,13310,24171,40958,25546,315,9332,3392,32395,-
"서울특별시","여자","65-69세",69972,443,4555,9740,18616,10491,315,3227,1363,21222,-
"서울특별시","여자","70세 이상",49903,198,2355,6025,9884,6178,292,1691,692,22588,-
"부산광역시","계","합계",1571736,12598,297406,305296,219367,207868,9773,162062,193840,160829,2697
"부산광역시","계","15-19세",7610,19,343,955,2584,1495,21,446,609,1138,-
"부산광역시","계","20-24세",69980,85,13626,12960,17258,10538,84,3947,4451,6611,420
"부산광역시","계","25-29세",146093,218,40556,36607,21511,17125,260,10152,10989,8222,453
"부산광역시","계","30-34세",139527,451,36576,38029,16123,17219,279,11019,12634,6776,421
"부산광역시","계","35-39세",164929,737,41184,42225,18389,20680,291,15771,16944,8297,411
"부산광역시","계","40-44세",175232,1202,43525,41696,18696,22929,449,18068,18065,10271,331
"부산광역시","계","45-49세",195462,1814,41401,43566,22729,26654,511,22066,23051,13242,428
"부산광역시","계","50-54세",198860,2301,33866,36171,28269,28679,898,24734,26780,17000,162
"부산광역시","계","55-59세",186157,2749,24554,27115,30230,24640,1675,24279,29794,21079,42
"부산광역시","계","60-64세",150286,1870,13288,15601,24492,19825,2134,19327,27205,26515,29
"부산광역시","계","65-69세",80205,676,5386,6687,11849,10431,1607,8713,15751,19105,-
"부산광역시","계","70세 이상",57395,476,3101,3684,7237,7653,1564,3540,7567,22573,-
"부산광역시","남자","합계",888170,9680,141745,158541,76803,100296,6863,135541,165210,90976,2515
"부산광역시","남자","15-19세",3207,10,106,323,879,465,11,259,496,658,-
"부산광역시","남자","20-24세",28156,48,2473,3936,6856,4063,69,2720,3658,3953,380
"부산광역시","남자","25-29세",72479,145,13901,14591,10702,9012,192,8530,9239,5748,419
"부산광역시","남자","30-34세",77814,328,16331,17664,8318,9129,228,9601,10978,4853,384
"부산광역시","남자","35-39세",97698,567,20513,21229,8778,11592,235,13808,14687,5926,363
"부산광역시","남자","40-44세",102684,851,21243,21597,7971,11820,331,15959,15829,6752,331
"부산광역시","남자","45-49세",110661,1345,19844,22867,7951,11948,342,18990,19177,7769,428
"부산광역시","남자","50-54세",110563,1792,17055,20520,8251,11959,680,20139,21045,8975,147
"부산광역시","남자","55-59세",106941,2135,14178,17310,6983,10889,1115,19619,24488,10182,42
"부산광역시","남자","60-64세",90675,1447,9413,10679,4886,9719,1528,15805,23926,13251,21
"부산광역시","남자","65-69세",51972,605,4145,4973,2957,5536,1049,7288,14599,10820,-
"부산광역시","남자","70세 이상",35320,407,2543,2852,2271,4164,1083,2823,7088,12089,-
"부산광역시","여자","합계",683566,2918,155661,146755,142564,107572,2910,26521,28630,69853,182
"부산광역시","여자","15-19세",4403,9,237,632,1705,1030,10,187,113,480,-
"부산광역시","여자","20-24세",41824,37,11153,9024,10402,6475,15,1227,793,2658,40
"부산광역시","여자","25-29세",73614,73,26655,22016,10809,8113,68,1622,1750,2474,34
"부산광역시","여자","30-34세",61713,123,20245,20365,7805,8090,51,1418,1656,1923,37
"부산광역시","여자","35-39세",67231,170,20671,20996,9611,9088,56,1963,2257,2371,48
"부산광역시","여자","40-44세",72548,351,22282,20099,10725,11109,118,2109,2236,3519,-
"부산광역시","여자","45-49세",84801,469,21557,20699,14778,14706,169,3076,3874,5473,-
"부산광역시","여자","50-54세",88297,509,16811,15651,20018,16720,218,4595,5735,8025,15
"부산광역시","여자","55-59세",79216,614,10376,9805,23247,13751,560,4660,5306,10897,-
"부산광역시","여자","60-64세",59611,423,3875,4922,19606,10106,606,3522,3279,13264,8
"부산광역시","여자","65-69세",28233,71,1241,1714,8892,4895,558,1425,1152,8285,-
"부산광역시","여자","70세 이상",22075,69,558,832,4966,3489,481,717,479,10484,-
"대구광역시","계","합계",1126570,11136,215032,210535,145020,144098,11326,112308,164794,108344,3977
"대구광역시","계","15-19세",5384,7,317,686,1777,859,36,273,591,838,-
"대구광역시","계","20-24세",48498,132,10069,8580,10605,6657,91,2941,4493,4600,330
"대구광역시","계","25-29세",103902,272,28899,24689,13531,11729,197,7693,10237,6201,454
"대구광역시","계","30-34세",99124,334,27475,24594,10288,11416,262,7620,11451,5238,446
"대구광역시","계","35-39세",116195,749,30051,28044,11373,14942,558,10068,13248,6362,800
"대구광역시","계","40-44세",129200,936,31388,29471,13164,16476,513,12886,15895,7812,659
"대구광역시","계","45-49세",154395,1805,31842,32395,16906,20585,845,16413,22027,10872,705
"대구광역시","계","50-54세",158750,2533,24984,28132,20819,22212,1152,18565,26308,13505,540
"대구광역시","계","55-59세",138924,2500,17376,19785,21468,18329,1760,16626,26338,14702,40
"대구광역시","계","60-64세",95637,1281,8335,9111,14794,11940,2172,12393,20047,15561,3
"대구광역시","계","65-69세",45300,396,2588,3178,6486,5654,1627,4871,9948,10552,-
"대구광역시","계","70세 이상",31261,191,1708,1870,3809,3299,2113,1959,4211,12101,-
"대구광역시","남자","합계",647312,8654,101853,112392,49132,73217,7398,94242,133760,62937,3727
"대구광역시","남자","15-19세",2339,7,109,203,605,290,20,189,471,445,-
"대구광역시","남자","20-24세",20523,79,2028,2710,4166,2597,60,2063,3614,2883,323
"대구광역시","남자","25-29세",52910,185,10080,9959,6449,6096,178,6514,8471,4594,384
"대구광역시","남자","30-34세",58626,226,12793,12805,5373,6558,211,6695,9794,3750,421
"대구광역시","남자","35-39세",69941,521,14746,15142,5205,8760,471,8636,11240,4494,726
"대구광역시","남자","40-44세",75722,729,14842,15410,5396,9085,357,11131,13135,5003,634
"대구광역시","남자","45-49세",87036,1406,14828,16784,5474,10089,651,13940,16939,6258,667
"대구광역시","남자","50-54세",90064,1972,12382,16637,5728,10070,730,15356,19295,7365,529
"대구광역시","남자","55-59세",81830,1988,10569,12871,4887,8540,1135,13732,20504,7564,40
"대구광역시","남자","60-64세",59935,1042,6111,6144,3162,5998,1293,10297,17311,8574,3
"대구광역시","남자","65-69세",29890,343,2106,2313,1740,3244,954,4101,9074,6015,-
"대구광역시","남자","70세 이상",18496,156,1259,1414,947,1890,1338,1588,3912,5992,-
"대구광역시","여자","합계",479258,2482,113179,98143,95888,70881,3928,18066,31034,45407,250
"대구광역시","여자","15-19세",3045,-,208,483,1172,569,16,84,120,393,-
"대구광역시","여자","20-24세",27975,53,8041,5870,6439,4060,31,878,879,1717,7
"대구광역시","여자","25-29세",50992,87,18819,14730,7082,5633,19,1179,1766,1607,70
"대구광역시","여자","30-34세",40498,108,14682,11789,4915,4858,51,925,1657,1488,25
"대구광역시","여자","35-39세",46254,228,15305,12902,6168,6182,87,1432,2008,1868,74
"대구광역시","여자","40-44세",53478,207,16546,14061,7768,7391,156,1755,2760,2809,25
"대구광역시","여자","45-49세",67359,399,17014,15611,11432,10496,194,2473,5088,4614,38
"대구광역시","여자","50-54세",68686,561,12602,11495,15091,12142,422,3209,7013,6140,11
"대구광역시","여자","55-59세",57094,512,6807,6914,16581,9789,625,2894,5834,7138,-
"대구광역시","여자","60-64세",35702,239,2224,2967,11632,5942,879,2096,2736,6987,-
"대구광역시","여자","65-69세",15410,53,482,865,4746,2410,673,770,874,4537,-
"대구광역시","여자","70세 이상",12765,35,449,456,2862,1409,775,371,299,6109,-
"인천광역시","계","합계",1491696,13871,255730,308870,192356,179220,12762,151431,219453,153689,4314
"인천광역시","계","15-19세",9102,12,521,1535,2575,1442,18,623,992,1380,4
"인천광역시","계","20-24세",71121,180,12116,16230,13786,10446,98,4234,6984,6444,603
"인천광역시","계","25-29세",152109,487,37617,39168,19468,17709,282,11161,16049,9324,844
"인천광역시","계","30-34세",141548,708,34939,36440,16034,16880,288,11953,15609,7921,776
"인천광역시","계","35-39세",164552,961,38664,42315,16625,19765,470,15102,19838,10062,750
"인천광역시","계","40-44세",173936,1679,38852,42027,17586,21700,520,16874,22837,11204,657
"인천광역시","계","45-49세",191396,2040,36103,43013,21548,23798,688,21265,28088,14395,458
"인천광역시","계","50-54세",189872,2560,26704,36541,24570,24621,1180,22434,33814,17244,204
"인천광역시","계","55-59세",174564,2739,17367,27881,26514,20741,1700,22854,34670,20082,16
"인천광역시","계","60-64세",123426,1715,8744,14912,19982,13474,2485,16569,24904,20639,2
"인천광역시","계","65-69세",56448,502,2689,5509,8820,5487,1816,5762,10969,14894,-
"인천광역시","계","70세 이상",43622,288,1414,3299,4848,3157,3217,2600,4699,20100,-
"인천광역시","남자","합계",857900,10826,128701,161080,65662,90961,8734,127908,174102,85879,4047
"인천광역시","남자","15-19세",4110,12,215,501,923,527,9,430,701,791,1
"인천광역시","남자","20-24세",29206,95,2640,5034,4580,4121,83,3133,5075,3890,555
"인천광역시","남자","25-29세",78683,331,14913,16158,9053,8993,210,9264,12665,6313,783
"인천광역시","남자","30-34세",81239,522,17045,17333,7678,9439,255,10441,12406,5402,718
"인천광역시","남자","35-39세",99970,742,20877,22197,7673,11493,345,13236,16250,6457,700
"인천광역시","남자","40-44세",103419,1184,20765,22345,7210,11526,410,14576,18226,6567,610
"인천광역시","남자","45-49세",110512,1587,19021,22847,7101,12286,550,18003,20822,7837,458
"인천광역시","남자","50-54세",108015,2116,13920,20939,6752,11009,830,18625,24730,8890,204
"인천광역시","남자","55-59세",103153,2151,9965,17753,6166,9666,1172,18790,27376,10098,16
"인천광역시","남자","60-64세",77063,1393,6163,9881,4593,6864,1617,14111,21446,10993,2
"인천광역시","남자","65-69세",36475,432,2046,3848,2332,3236,1175,5087,10035,8284,-
"인천광역시","남자","70세 이상",26055,261,1131,2244,1601,1801,2078,2212,4370,10357,-
"인천광역시","여자","합계",633796,3045,127029,147790,126694,88259,4028,23523,45351,67810,267
"인천광역시","여자","15-19세",4992,-,306,1034,1652,915,9,193,291,589,3
"인천광역시","여자","20-24세",41915,85,9476,11196,9206,6325,15,1101,1909,2554,48
"인천광역시","여자","25-29세",73426,156,22704,23010,10415,8716,72,1897,3384,3011,61
"인천광역시","여자","30-34세",60309,186,17894,19107,8356,7441,33,1512,3203,2519,58
"인천광역시","여자","35-39세",64582,219,17787,20118,8952,8272,125,1866,3588,3605,50
"인천광역시","여자","40-44세",70517,495,18087,19682,10376,10174,110,2298,4611,4637,47
"인천광역시","여자","45-49세",80884,453,17082,20166,14447,11512,138,3262,7266,6558,-
"인천광역시","여자","50-54세",81857,444,12784,15602,17818,13612,350,3809,9084,8354,-
"인천광역시","여자","55-59세",71411,588,7402,10128,20348,11075,528,4064,7294,9984,-
"인천광역시","여자","60-64세",46363,322,2581,5031,15389,6610,868,2458,3458,9646,-
"인천광역시","여자","65-69세",19973,70,643,1661,6488,2251,641,675,934,6610,-
"인천광역시","여자","70세 이상",17567,27,283,1055,3247,1356,1139,388,329,9743,-
"광주광역시","계","합계",706099,3880,143654,155201,91713,84564,9642,65109,86264,65020,1052
"광주광역시","계","15-19세",4298,5,173,596,1435,862,42,271,324,590,-
"광주광역시","계","20-24세",34681,74,6721,7132,7781,4351,126,1954,3071,3352,119
"광주광역시","계","25-29세",68905,139,19106,17051,8917,7547,208,5164,6717,3788,268
"광주광역시","계","30-34세",61690,124,17923,16241,5995,6819,322,4738,6431,2968,129
"광주광역시","계","35-39세",79008,267,20514,20452,8240,9325,323,6494,9048,4202,143
"광주광역시","계","40-44세",88616,456,21733,22303,8895,10172,560,8170,11186,4995,146
"광주광역시","계","45-49세",100080,537,20629,25699,11450,12154,691,10203,12175,6364,178
"광주광역시","계","50-54세",96599,642,16588,20809,13142,12478,1076,10536,13661,7623,44
"광주광역시","계","55-59세",77396,1018,11339,14304,12239,9866,1431,8479,11304,7403,13
"광주광역시","계","60-64세",51143,463,5953,7015,8234,6336,1672,6039,7299,8125,7
"광주광역시","계","65-69세",23112,92,1869,2247,3466,2698,1337,2065,3419,5914,5
"광주광역시","계","70세 이상",20571,63,1106,1352,1919,1956,1854,996,1629,9696,-
"광주광역시","남자","합계",397329,2882,67352,84850,30730,42004,5945,55736,71215,35616,999
"광주광역시","남자","15-19세",1853,5,77,272,435,303,18,169,219,355,-
"광주광역시","남자","20-24세",14153,51,1353,2191,2646,1737,82,1641,2318,2031,103
"광주광역시","남자","25-29세",34696,85,6995,7251,3918,3941,163,4367,5173,2544,259
"광주광역시","남자","30-34세",34719,106,7905,8132,2700,3945,254,4155,5359,2048,115
"광주광역시","남자","35-39세",46453,225,9707,11015,3921,5375,238,5799,7425,2611,137
"광주광역시","남자","40-44세",50289,363,9769,11816,3478,5188,382,7115,9100,2932,146
"광주광역시","남자","45-49세",56709,381,9764,14313,3723,5805,476,8832,9669,3576,170
"광주광역시","남자","50-54세",55301,476,8149,12670,3662,5612,662,8814,11133,4079,44
"광주광역시","남자","55-59세",45753,722,6879,9616,3048,4409,853,7044,9525,3644,13
"광주광역시","남자","60-64세",31538,340,4350,4871,1824,3129,930,5215,6621,4251,7
"광주광역시","남자","65-69세",14334,85,1448,1680,781,1492,806,1781,3160,3096,5
"광주광역시","남자","70세 이상",11531,43,956,1023,594,1068,1081,804,1513,4449,-
"광주광역시","여자","합계",308770,998,76302,70351,60983,42560,3697,9373,15049,29404,53
"광주광역시","여자","15-19세",2445,-,96,324,1000,559,24,102,105,235,-
"광주광역시","여자","20-24세",20528,23,5368,4941,5135,2614,44,313,753,1321,16
"광주광역시","여자","25-29세",34209,54,12111,9800,4999,3606,45,797,1544,1244,9
"광주광역시","여자","30-34세",26971,18,10018,8109,3295,2874,68,583,1072,920,14
"광주광역시","여자","35-39세",32555,42,10807,9437,4319,3950,85,695,1623,1591,6
"광주광역시","여자","40-44세",38327,93,11964,10487,5417,4984,178,1055,2086,2063,-
"광주광역시","여자","45-49세",43371,156,10865,11386,7727,6349,215,1371,2506,2788,8
"광주광역시","여자","50-54세",41298,166,8439,8139,9480,6866,414,1722,2528,3544,-
"광주광역시","여자","55-59세",31643,296,4460,4688,9191,5457,578,1435,1779,3759,-
"광주광역시","여자","60-64세",19605,123,1603,2144,6410,3207,742,824,678,3874,-
"광주광역시","여자","65-69세",8778,7,421,567,2685,1206,531,284,259,2818,-
"광주광역시","여자","70세 이상",9040,20,150,329,1325,888,773,192,116,5247,-
"대전광역시","계","합계",731678,9319,177620,145026,93625,89948,6248,65222,70827,70276,3567
"대전광역시","계","15-19세",4775,-,335,786,1681,904,8,222,240,599,-
"대전광역시","계","20-24세",42556,112,9841,8665,9169,6317,122,2456,2424,3233,217
"대전광역시","계","25-29세",77016,281,26770,18902,8513,8087,143,4793,4914,4077,536
"대전광역시","계","30-34세",69513,482,23237,17326,6780,7741,153,4881,5107,3207,599
"대전광역시","계","35-39세",78899,635,24601,19332,7419,9263,202,6040,6456,4300,651
"대전광역시","계","40-44세",84774,1063,24590,19407,8390,10543,279,7653,7593,4886,370
"대전광역시","계","45-49세",97263,1603,24057,21301,10776,12831,413,9733,9344,6667,538
"대전광역시","계","50-54세",95194,1958,19701,18099,12906,13002,510,9692,10279,8518,529
"대전광역시","계","55-59세",80029,1744,13248,12058,12517,10282,943,9414,10382,9359,82
"대전광역시","계","60-64세",56506,1032,7556,5755,9245,6484,1192,6708,8223,10274,37
"대전광역시","계","65-69세",25918,279,2385,2107,3796,2800,944,2635,4073,6891,8
"대전광역시","계","70세 이상",19235,130,1299,1288,2433,1694,1339,995,1792,8265,-
"대전광역시","남자","합계",416761,7231,95214,74914,31704,44621,4209,54855,60360,40412,3241
"대전광역시","남자","15-19세",1964,-,165,292,539,328,1,111,188,340,-
"대전광역시","남자","20-24세",17639,73,2741,2663,3467,2585,89,1768,1932,2127,194
"대전광역시","남자","25-29세",40858,221,12365,8305,3905,4451,109,4150,4071,2804,477
"대전광역시","남자","30-34세",40497,364,12085,8447,3520,4553,119,4257,4283,2322,547
"대전광역시","남자","35-39세",46688,469,13497,9467,3560,5185,152,5279,5583,2936,560
"대전광역시","남자","40-44세",48658,786,12919,9766,3487,5401,158,6524,6296,2977,344
"대전광역시","남자","45-49세",55627,1185,13041,11194,3398,5862,348,8291,7679,4145,484
"대전광역시","남자","50-54세",54470,1525,10963,10651,3423,5735,329,8160,8629,4547,508
"대전광역시","남자","55-59세",47412,1435,8761,7859,2763,4712,630,7630,8816,4724,82
"대전광역시","남자","60-64세",34969,862,5719,3822,2022,3181,765,5567,7454,5540,37
"대전광역시","남자","65-69세",16637,215,1884,1528,889,1691,586,2278,3765,3793,8
"대전광역시","남자","70세 이상",11342,96,1074,920,731,937,923,840,1664,4157,-
"대전광역시","여자","합계",314917,2088,82406,70112,61921,45327,2039,10367,10467,29864,326
"대전광역시","여자","15-19세",2811,-,170,494,1142,576,7,111,52,259,-
"대전광역시","여자","20-24세",24917,39,7100,6002,5702,3732,33,688,492,1106,23
"대전광역시","여자","25-29세",36158,60,14405,10597,4608,3636,34,643,843,1273,59
"대전광역시","여자","30-34세",29016,118,11152,8879,3260,3188,34,624,824,885,52
"대전광역시","여자","35-39세",32211,166,11104,9865,3859,4078,50,761,873,1364,91
"대전광역시","여자","40-44세",36116,277,11671,9641,4903,5142,121,1129,1297,1909,26
"대전광역시","여자","45-49세",41636,418,11016,10107,7378,6969,65,1442,1665,2522,54
"대전광역시","여자","50-54세",40724,433,8738,7448,9483,7267,181,1532,1650,3971,21
"대전광역시","여자","55-59세",32617,309,4487,4199,9754,5570,313,1784,1566,4635,-
"대전광역시","여자","60-64세",21537,170,1837,1933,7223,3303,427,1141,769,4734,-
"대전광역시","여자","65-69세",9281,64,501,579,2907,1109,358,357,308,3098,-
"대전광역시","여자","70세 이상",7893,34,225,368,1702,757,416,155,128,4108,-
"울산광역시","계","합계",547938,3175,93600,92498,65285,51182,5886,64391,128418,43245,258
"울산광역시","계","15-19세",2057,9,79,286,649,285,28,159,233,329,-
"울산광역시","계","20-24세",21741,41,4115,3465,4173,2310,36,2103,3769,1669,60
"울산광역시","계","25-29세",49200,111,12109,10660,5746,3730,125,4495,10177,1978,69
"울산광역시","계","30-34세",50401,65,12133,10951,4904,4075,148,4979,11175,1947,24
"울산광역시","계","35-39세",62293,245,14982,13171,5485,5528,151,7781,12407,2501,42
"울산광역시","계","40-44세",67481,272,14357,13624,6585,6215,214,7890,15158,3126,40
"울산광역시","계","45-49세",73573,391,13004,13606,8448,7658,313,9645,16120,4382,6
"울산광역시","계","50-54세",78043,615,11117,12241,9823,8020,507,9303,20901,5504,12
"울산광역시","계","55-59세",69513,727,7086,8738,9308,6499,799,8868,21616,5867,5
"울산광역시","계","60-64세",42502,492,3154,3868,6077,4109,1080,6003,11092,6627,-
"울산광역시","계","65-69세",18970,154,976,1340,2615,1644,1155,2393,4132,4561,-
"울산광역시","계","70세 이상",12164,53,488,548,1472,1109,1330,772,1638,4754,-
"울산광역시","남자","합계",338282,2399,45858,51342,19509,21104,3747,56583,115404,22102,234
"울산광역시","남자","15-19세",1042,4,40,103,242,111,10,126,210,196,-
"울산광역시","남자","20-24세",10704,26,842,1059,1571,889,28,1785,3356,1094,54
"울산광역시","남자","25-29세",27907,91,4244,4499,2514,1705,98,3954,9389,1351,62
"울산광역시","남자","30-34세",32063,56,5692,5855,2356,2007,121,4410,10317,1230,19
"울산광역시","남자","35-39세",39884,139,7409,7339,2211,2522,125,7207,11430,1466,36
"울산광역시","남자","40-44세",41865,213,6875,7153,2237,2643,140,7138,13678,1748,40
"울산광역시","남자","45-49세",43837,305,6402,7372,2129,3026,236,8417,13762,2182,6
"울산광역시","남자","50-54세",47677,452,6115,7626,1948,2765,347,7891,18170,2351,12
"울산광역시","남자","55-59세",45578,542,4597,6102,1790,2438,486,7579,19533,2506,5
"울산광역시","남자","60-64세",28054,380,2461,2818,1302,1726,654,5275,10159,3279,-
"울산광역시","남자","65-69세",12618,144,752,1018,740,777,687,2151,3891,2458,-
"울산광역시","남자","70세 이상",7053,47,429,398,469,495,815,650,1509,2241,-
"울산광역시","여자","합계",209656,776,47742,41156,45776,30078,2139,7808,13014,21143,24
"울산광역시","여자","15-19세",1015,5,39,183,407,174,18,33,23,133,-
"울산광역시","여자","20-24세",11037,15,3273,2406,2602,1421,8,318,413,575,6
"울산광역시","여자","25-29세",21293,20,7865,6161,3232,2025,27,541,788,627,7
"울산광역시","여자","30-34세",18338,9,6441,5096,2548,2068,27,569,858,717,5
"울산광역시","여자","35-39세",22409,106,7573,5832,3274,3006,26,574,977,1035,6
"울산광역시","여자","40-44세",25616,59,7482,6471,4348,3572,74,752,1480,1378,-
"울산광역시","여자","45-49세",29736,86,6602,6234,6319,4632,77,1228,2358,2200,-
"울산광역시","여자","50-54세",30366,163,5002,4615,7875,5255,160,1412,2731,3153,-
"울산광역시","여자","55-59세",23935,185,2489,2636,7518,4061,313,1289,2083,3361,-
"울산광역시","여자","60-64세",14448,112,693,1050,4775,2383,426,728,933,3348,-
"울산광역시","여자","65-69세",6352,10,224,322,1875,867,468,242,241,2103,-
"울산광역시","여자","70세 이상",5111,6,59,150,1003,614,515,122,129,2513,-
"세종특별자치시","계","합계",178265,3627,49972,48447,17894,13739,6484,8767,16096,11657,1582
"세종특별자치시","계","15-19세",1085,1,65,205,381,121,9,39,93,171,-
"세종특별자치시","계","20-24세",6816,14,1598,1562,1392,713,44,312,745,359,77
"세종특별자치시","계","25-29세",14987,42,4885,4719,1429,1020,111,661,1269,498,353
"세종특별자치시","계","30-34세",20460,131,7565,6403,1551,1312,132,840,1584,718,224
"세종특별자치시","계","35-39세",27419,420,9757,8651,1979,2138,152,1070,2148,875,229
"세종특별자치시","계","40-44세",28336,684,9192,9066,2198,2196,187,1184,2248,1108,273
"세종특별자치시","계","45-49세",25623,761,7384,7685,2469,2126,252,1195,2406,1160,185
"세종특별자치시","계","50-54세",19028,634,4506,5386,1994,1503,398,1183,2086,1151,187
"세종특별자치시","계","55-59세",14400,422,2902,2893,1978,1150,766,1075,1722,1447,45
"세종특별자치시","계","60-64세",10278,419,1581,1288,1458,820,1207,814,1014,1668,9
"세종특별자치시","계","65-69세",5081,63,378,334,663,348,1273,286,537,1199,-
"세종특별자치시","계","70세 이상",4752,36,159,255,402,292,1953,108,244,1303,-
"세종특별자치시","남자","합계",101605,2822,26727,26409,6657,7238,3831,7373,13183,5979,1386
"세종특별자치시","남자","15-19세",471,1,11,49,158,67,8,23,69,85,-
"세종특별자치시","남자","20-24세",2870,14,340,582,556,318,17,246,537,192,68
"세종특별자치시","남자","25-29세",7439,35,1719,1982,817,578,96,537,1035,338,302
"세종특별자치시","남자","30-34세",11338,109,3806,3068,853,748,77,731,1311,475,160
"세종특별자치시","남자","35-39세",15857,262,5624,4442,828,1190,103,897,1767,530,214
"세종특별자치시","남자","40-44세",16350,535,4869,5269,739,1157,123,932,1885,609,232
"세종특별자치시","남자","45-49세",15317,633,4205,4464,908,1153,154,1035,1971,609,185
"세종특별자치시","남자","50-54세",11321,450,2555,3335,735,657,198,1057,1618,539,177
"세종특별자치시","남자","55-59세",8713,364,1928,1988,463,608,420,881,1415,607,39
"세종특별자치시","남자","60-64세",6153,332,1213,866,248,393,678,699,886,829,9
"세종특별자치시","남자","65-69세",3068,51,335,194,259,210,711,231,494,583,-
"세종특별자치시","남자","70세 이상",2708,36,122,170,93,159,1246,104,195,583,-
"세종특별자치시","여자","합계",76660,805,23245,22038,11237,6501,2653,1394,2913,5678,196
"세종특별자치시","여자","15-19세",614,-,54,156,223,54,1,16,24,86,-
"세종특별자치시","여자","20-24세",3946,-,1258,980,836,395,27,66,208,167,9
"세종특별자치시","여자","25-29세",7548,7,3166,2737,612,442,15,124,234,160,51
"세종특별자치시","여자","30-34세",9122,22,3759,3335,698,564,55,109,273,243,64
"세종특별자치시","여자","35-39세",11562,158,4133,4209,1151,948,49,173,381,345,15
"세종특별자치시","여자","40-44세",11986,149,4323,3797,1459,1039,64,252,363,499,41
"세종특별자치시","여자","45-49세",10306,128,3179,3221,1561,973,98,160,435,551,-
"세종특별자치시","여자","50-54세",7707,184,1951,2051,1259,846,200,126,468,612,10
"세종특별자치시","여자","55-59세",5687,58,974,905,1515,542,346,194,307,840,6
"세종특별자치시","여자","60-64세",4125,87,368,422,1210,427,529,115,128,839,-
"세종특별자치시","여자","65-69세",2013,12,43,140,404,138,562,55,43,616,-
"세종특별자치시","여자","70세 이상",2044,-,37,85,309,133,707,4,49,720,-
"경기도","계","합계",6821429,48392,1488319,1454095,802549,793127,103701,613309,856720,622524,38693
"경기도","계","15-19세",43520,90,2599,6218,13508,7712,271,2342,3719,7053,8
"경기도","계","20-24세",322503,626,60623,66135,64957,46320,1353,19961,29565,28143,4820
"경기도","계","25-29세",680535,1621,202066,170222,77016,68810,2750,48214,64918,36485,8433
"경기도","계","30-34세",669261,2058,207598,171634,62841,70785,2689,46918,65809,32083,6846
"경기도","계","35-39세",794780,3058,234754,204454,71274,88295,3775,60622,81336,41124,6088
"경기도","계","40-44세",833845,4978,233148,203840,75418,96651,4742,70669,91907,47152,5340
"경기도","계","45-49세",919779,7674,217064,213982,93670,112866,5911,87466,115507,61470,4169
"경기도","계","50-54세",878418,9810,156840,179328,108085,112603,9236,94598,130061,75533,2324
"경기도","계","55-59세",748118,9942,97830,129274,105168,93689,15276,88225,124694,83465,555
"경기도","계","60-64세",515835,5609,48922,68183,76602,58380,19266,62552,89172,87090,59
"경기도","계","65-69세",244715,1794,17203,26008,34907,23356,16137,22899,42349,60034,28
"경기도","계","70세 이상",170120,1132,9672,14817,19103,13660,22295,8843,17683,62892,23
"경기도","남자","합계",3957221,37388,808987,778876,269968,413473,68560,520802,676567,346701,35899
"경기도","남자","15-19세",18879,60,1195,2073,4588,2911,156,1495,2602,3791,8
"경기도","남자","20-24세",136813,417,14520,21605,23103,18783,867,15115,21434,16694,4275
"경기도","남자","25-29세",358465,1122,85801,73766,35293,37470,2079,41136,49395,24743,7660
"경기도","남자","30-34세",387087,1476,108334,85621,29314,41127,2051,40642,51293,20893,6336
"경기도","남자","35-39세",482125,2255,135939,107933,31979,52290,2922,52916,63679,26585,5627
"경기도","남자","40-44세",498816,3816,132183,110443,28355,54483,3607,61771,71751,27280,5127
"경기도","남자","45-49세",535433,5801,124162,115983,29582,57688,4255,74809,86472,32663,4018
"경기도","남자","50-54세",504065,7683,89394,103788,28302,52598,5850,78715,97321,38166,2248
"경기도","남자","55-59세",446575,7679,61705,82510,26308,44530,9834,73564,99851,40094,500
"경기도","남자","60-64세",321989,4581,34991,45966,18159,29785,12272,53410,77969,44807,49
"경기도","남자","65-69세",158353,1492,13276,18383,8909,13634,10138,19709,38552,34232,28
"경기도","남자","70세 이상",108621,1006,7487,10805,6076,8174,14529,7520,16248,36753,23
"경기도","여자","합계",2864208,11004,679332,675219,532581,379654,35141,92507,180153,275823,2794
"경기도","여자","15-19세",24641,30,1404,4145,8920,4801,115,847,1117,3262,-
"경기도","여자","20-24세",185690,209,46103,44530,41854,27537,486,4846,8131,11449,545
"경기도","여자","25-29세",322070,499,116265,96456,41723,31340,671,7078,15523,11742,773
"경기도","여자","30-34세",282174,582,99264,86013,33527,29658,638,6276,14516,11190,510
"경기도","여자","35-39세",312655,803,98815,96521,39295,36005,853,7706,17657,14539,461
"경기도","여자","40-44세",335029,1162,100965,93397,47063,42168,1135,8898,20156,19872,213
"경기도","여자","45-49세",384346,1873,92902,97999,64088,55178,1656,12657,29035,28807,151
"경기도","여자","50-54세",374353,2127,67446,75540,79783,60005,3386,15883,32740,37367,76
"경기도","여자","55-59세",301543,2263,36125,46764,78860,49159,5442,14661,24843,43371,55
"경기도","여자","60-64세",193846,1028,13931,22217,58443,28595,6994,9142,11203,42283,10
"경기도","여자","65-69세",86362,302,3927,7625,25998,9722,5999,3190,3797,25802,-
"경기도","여자","70세 이상",61499,126,2185,4012,13027,5486,7766,1323,1435,26139,-
"강원도","계","합계",777948,5022,111179,125173,127725,68324,68924,67014,67717,114089,22781
"강원도","계","15-19세",4363,6,182,501,1741,719,63,154,247,750,-
"강원도","계","20-24세",33556,90,5515,6183,7320,4010,632,1923,1795,3395,2693
"강원도","계","25-29세",58352,174,14607,14099,8322,4296,1076,4068,3370,3744,4596
"강원도","계","30-34세",56518,128,12654,14178,8329,4301,1307,3731,3963,3559,4368
"강원도","계","35-39세",69734,283,15002,16260,10629,6049,1676,5776,5348,5252,3459
"강원도","계","40-44세",79147,396,15816,17097,12077,7372,2318,7202,6703,6677,3489
"강원도","계","45-49세",96043,542,15964,19277,15522,9940,3379,9762,9426,9546,2685
"강원도","계","50-54세",101838,1156,13428,17753,17505,10400,6089,10971,11193,12065,1278
"강원도","계","55-59세",95187,1438,9754,11450,18781,8707,9971,10756,10737,13416,177
"강원도","계","60-64세",79521,553,5075,5259,14378,6678,15188,7982,9163,15210,35
"강원도","계","65-69세",46158,166,2022,2083,7600,3225,11259,3273,4011,12519,-
"강원도","계","70세 이상",57531,90,1160,1033,5521,2627,15966,1416,1761,27956,1
"강원도","남자","합계",437800,3791,50576,66230,46281,31432,43914,56928,59134,58374,21140
"강원도","남자","15-19세",1945,6,84,236,657,258,31,121,171,381,-
"강원도","남자","20-24세",16451,86,1365,2313,3127,1713,469,1556,1507,2030,2285
"강원도","남자","25-29세",32893,126,5611,6373,4607,2493,882,3349,2935,2488,4029
"강원도","남자","30-34세",33379,90,5353,7013,4436,2398,932,3148,3497,2434,4078
"강원도","남자","35-39세",41057,199,6407,8097,5190,3424,1292,5042,4670,3415,3321
"강원도","남자","40-44세",44999,280,6555,8619,5147,3334,1720,6250,5671,4051,3372
"강원도","남자","45-49세",54356,392,6902,9966,5563,4315,2396,8465,8112,5631,2614
"강원도","남자","50-54세",57898,895,6118,10484,5194,4386,3803,9439,9590,6757,1232
"강원도","남자","55-59세",54501,1057,5892,7428,4901,3567,6088,9080,9420,6891,177
"강원도","남자","60-64세",46055,450,3692,3448,3476,2881,9276,6668,8250,7883,31
"강원도","남자","65-69세",26589,133,1625,1502,2224,1530,7019,2712,3714,6130,-
"강원도","남자","70세 이상",27677,77,972,751,1759,1133,10006,1098,1597,10283,1
"강원도","여자","합계",340148,1231,60603,58943,81444,36892,25010,10086,8583,55715,1641
"강원도","여자","15-19세",2418,-,98,265,1084,461,32,33,76,369,-
"강원도","여자","20-24세",17105,4,4150,3870,4193,2297,163,367,288,1365,408
"강원도","여자","25-29세",25459,48,8996,7726,3715,1803,194,719,435,1256,567
"강원도","여자","30-34세",23139,38,7301,7165,3893,1903,375,583,466,1125,290
"강원도","여자","35-39세",28677,84,8595,8163,5439,2625,384,734,678,1837,138
"강원도","여자","40-44세",34148,116,9261,8478,6930,4038,598,952,1032,2626,117
"강원도","여자","45-49세",41687,150,9062,9311,9959,5625,983,1297,1314,3915,71
"강원도","여자","50-54세",43940,261,7310,7269,12311,6014,2286,1532,1603,5308,46
"강원도","여자","55-59세",40686,381,3862,4022,13880,5140,3883,1676,1317,6525,-
"강원도","여자","60-64세",33466,103,1383,1811,10902,3797,5912,1314,913,7327,4
"강원도","여자","65-69세",19569,33,397,581,5376,1695,4240,561,297,6389,-
"강원도","여자","70세 이상",29854,13,188,282,3762,1494,5960,318,164,17673,-
"충청북도","계","합계",825214,9397,128285,137581,102998,72187,72765,69198,152241,76364,4198
"충청북도","계","15-19세",5445,6,250,681,1621,855,116,208,989,719,-
"충청북도","계","20-24세",40033,118,6289,7525,7288,4048,509,2523,7769,3362,602
"충청북도","계","25-29세",76593,257,18241,16522,8719,5502,938,5419,16521,3682,792
"충청북도","계","30-34세",69931,303,17087,16248,6325,4996,1264,4870,14868,3394,576
"충청북도","계","35-39세",82779,648,17980,18967,8044,6789,1591,6762,16952,4501,545
"충청북도","계","40-44세",88898,1018,18844,19465,8956,8441,1978,7675,16876,5022,623
"충청북도","계","45-49세",101686,1432,17341,20121,11924,9935,3146,10319,19657,7173,638
"충청북도","계","50-54세",106559,2134,14556,17276,14674,11150,5590,10774,20669,9382,354
"충청북도","계","55-59세",96691,2093,9925,12157,14777,9303,10362,9898,18316,9798,62
"충청북도","계","60-64세",74944,911,5062,5482,12101,6199,14795,6670,12554,11170,-
"충청북도","계","65-69세",41140,300,1717,2147,5317,2994,12779,2878,4998,8010,-
"충청북도","계","70세 이상",40515,177,993,990,3252,1975,19697,1202,2072,10151,6
"충청북도","남자","합계",479709,7283,61964,77284,34688,35209,44131,58694,113806,42827,3823
"충청북도","남자","15-19세",2348,-,114,239,575,301,69,146,472,432,-
"충청북도","남자","20-24세",19182,94,1394,2774,3039,1631,336,1998,5262,2090,564
"충청북도","남자","25-29세",45170,182,7805,8382,4681,2844,732,4746,12633,2503,662
"충청북도","남자","30-34세",42689,223,8284,8939,3230,2913,883,4300,11186,2235,496
"충청북도","남자","35-39세",50050,512,8770,10649,3294,3719,1095,5839,12853,2826,493
"충청북도","남자","40-44세",51801,739,8639,10579,3232,4280,1462,6776,12478,3043,573
"충청북도","남자","45-49세",57780,1028,8043,11033,3830,4441,2066,8801,13964,3936,638
"충청북도","남자","50-54세",60580,1637,7112,10136,4288,5078,3428,9076,14439,5054,332
"충청북도","남자","55-59세",57128,1706,6087,8388,3475,4162,5904,8206,13970,5171,59
"충청북도","남자","60-64세",44899,764,3667,3887,2623,3133,8515,5543,10383,6384,-
"충청북도","남자","65-69세",25037,247,1356,1573,1476,1667,7469,2358,4410,4481,-
"충청북도","남자","70세 이상",23045,151,693,705,945,1040,12172,905,1756,4672,6
"충청북도","여자","합계",345505,2114,66321,60297,68310,36978,28634,10504,38435,33537,375
"충청북도","여자","15-19세",3097,6,136,442,1046,554,47,62,517,287,-
"충청북도","여자","20-24세",20851,24,4895,4751,4249,2417,173,525,2507,1272,38
"충청북도","여자","25-29세",31423,75,10436,8140,4038,2658,206,673,3888,1179,130
"충청북도","여자","30-34세",27242,80,8803,7309,3095,2083,381,570,3682,1159,80
"충청북도","여자","35-39세",32729,136,9210,8318,4750,3070,496,923,4099,1675,52
"충청북도","여자","40-44세",37097,279,10205,8886,5724,4161,516,899,4398,1979,50
"충청북도","여자","45-49세",43906,404,9298,9088,8094,5494,1080,1518,5693,3237,-
"충청북도","여자","50-54세",45979,497,7444,7140,10386,6072,2162,1698,6230,4328,22
"충청북도","여자","55-59세",39563,387,3838,3769,11302,5141,4458,1692,4346,4627,3
"충청북도","여자","60-64세",30045,147,1395,1595,9478,3066,6280,1127,2171,4786,-
"충청북도","여자","65-69세",16103,53,361,574,3841,1327,5310,520,588,3529,-
"충청북도","여자","70세 이상",17470,26,300,285,2307,935,7525,297,316,5479,-
"충청남도","계","합계",1097633,9418,152766,176838,129718,94987,134440,95626,197556,99855,6429
"충청남도","계","15-19세",6819,12,272,868,1993,975,181,437,964,1114,3
"충청남도","계","20-24세",48776,147,7302,9333,8706,5389,1057,3556,8487,4369,430
"충청남도","계","25-29세",91748,318,20268,20446,9759,6593,2197,7258,19050,5056,803
"충청남도","계","30-34세",95347,366,19973,20944,8450,7166,2495,8058,22219,4928,748
"충청남도","계","35-39세",114669,684,22305,24524,10893,9243,3352,10620,25775,6325,948
"충청남도","계","40-44세",122511,1126,23126,25951,12239,10777,4112,11325,24774,7865,1216
"충청남도","계","45-49세",134953,1431,21082,25781,14934,13312,6352,13817,27229,9771,1244
"충청남도","계","50-54세",132200,1818,16940,21607,17356,13581,9399,13917,25253,11516,813
"충청남도","계","55-59세",124173,1899,12270,16013,18337,11759,17090,12261,21635,12708,201
"충청남도","계","60-64세",96739,1117,5688,6959,14928,8372,24011,8895,13624,13126,19
"충청남도","계","65-69세",58401,332,2236,2718,7344,4224,22262,3648,5792,9843,2
"충청남도","계","70세 이상",71297,168,1304,1694,4779,3596,41932,1834,2754,13234,2
"충청남도","남자","합계",649131,7153,75849,100104,40596,45688,80843,81567,155819,55745,5767
"충청남도","남자","15-19세",3153,5,132,326,667,246,125,297,684,668,3
"충청남도","남자","20-24세",23509,100,1637,3393,3410,2074,757,2809,6411,2559,359
"충청남도","남자","25-29세",52976,244,8690,9633,4595,3532,1675,6192,14524,3247,644
"충청남도","남자","30-34세",59013,242,10049,11626,3777,3924,1745,7154,16661,3218,617
"충청남도","남자","35-39세",72735,459,11568,14028,4381,4972,2374,9260,20960,3888,845
"충청남도","남자","40-44세",74684,757,11019,14758,4162,5234,2923,9923,20144,4620,1144
"충청남도","남자","45-49세",80219,1077,9995,14379,4361,6139,4501,11925,20912,5754,1176
"충청남도","남자","50-54세",77847,1432,8407,13105,4528,5915,5859,11989,19461,6381,770
"충청남도","남자","55-59세",73980,1452,7568,10877,4234,5495,9890,10182,17223,6873,186
"충청남도","남자","60-64세",56979,973,4048,4926,3057,4051,13632,7476,11547,7250,19
"충청남도","남자","65-69세",34053,263,1693,1932,1910,2229,12731,2997,5074,5222,2
"충청남도","남자","70세 이상",39983,149,1043,1121,1514,1877,24631,1363,2218,6065,2
"충청남도","여자","합계",448502,2265,76917,76734,89122,49299,53597,14059,41737,44110,662
"충청남도","여자","15-19세",3666,7,140,542,1326,729,56,140,280,446,-
"충청남도","여자","20-24세",25267,47,5665,5940,5296,3315,300,747,2076,1810,71
"충청남도","여자","25-29세",38772,74,11578,10813,5164,3061,522,1066,4526,1809,159
"충청남도","여자","30-34세",36334,124,9924,9318,4673,3242,750,904,5558,1710,131
"충청남도","여자","35-39세",41934,225,10737,10496,6512,4271,978,1360,4815,2437,103
"충청남도","여자","40-44세",47827,369,12107,11193,8077,5543,1189,1402,4630,3245,72
"충청남도","여자","45-49세",54734,354,11087,11402,10573,7173,1851,1892,6317,4017,68
"충청남도","여자","50-54세",54353,386,8533,8502,12828,7666,3540,1928,5792,5135,43
"충청남도","여자","55-59세",50193,447,4702,5136,14103,6264,7200,2079,4412,5835,15
"충청남도","여자","60-64세",39760,144,1640,2033,11871,4321,10379,1419,2077,5876,-
"충청남도","여자","65-69세",24348,69,543,786,5434,1995,9531,651,718,4621,-
"충청남도","여자","70세 이상",31314,19,261,573,3265,1719,17301,471,536,7169,-
"전라북도","계","합계",870022,5829,140711,146408,115933,83513,106754,76368,107384,85234,1888
"전라북도","계","15-19세",4820,8,281,525,1694,775,168,309,383,675,2
"전라북도","계","20-24세",36138,72,6400,7444,7748,3979,894,2363,3778,3175,285
"전라북도","계","25-29세",66823,191,17038,15985,8464,5903,1936,4979,7740,4208,379
"전라북도","계","30-34세",62407,164,16005,15320,7051,5426,2465,4954,7592,3179,251
"전라북도","계","35-39세",80032,291,17795,18787,8849,7869,3191,7081,10857,5062,250
"전라북도","계","40-44세",92853,524,19990,20211,10734,9728,4235,8774,12348,6054,255
"전라북도","계","45-49세",113462,931,21290,22958,14240,11947,6303,11942,15557,7997,297
"전라북도","계","50-54세",114978,1315,17580,20037,16829,12311,9277,11853,15824,9843,109
"전라북도","계","55-59세",104710,1171,13496,14082,16606,11039,13463,10622,14745,9444,42
"전라북도","계","60-64세",82331,741,6793,6815,13195,7260,18172,8336,10579,10428,12
"전라북도","계","65-69세",49840,280,2533,2658,6244,4064,17130,3284,5417,8226,4
"전라북도","계","70세 이상",61628,141,1510,1586,4279,3212,29520,1871,2564,16943,2
"전라북도","남자","합계",492118,4253,64046,78669,38612,40680,64414,62856,91826,45032,1730
"전라북도","남자","15-19세",2233,8,123,181,580,280,121,220,316,402,2
"전라북도","남자","20-24세",16553,48,1353,2866,2881,1590,676,1768,3154,1963,254
"전라북도","남자","25-29세",36111,127,6333,7197,3925,3162,1403,4154,6669,2824,317
"전라북도","남자","30-34세",35873,133,6793,7577,3373,3120,1816,4205,6508,2122,226
"전라북도","남자","35-39세",46924,164,7972,9794,3821,4132,2321,5878,9583,3031,228
"전라북도","남자","40-44세",53374,422,8334,10586,3977,4831,3132,7447,10814,3593,238
"전라북도","남자","45-49세",64345,664,9438,11853,4810,5425,4425,10055,12757,4622,296
"전라북도","남자","50-54세",65863,951,8309,11762,5137,5816,5881,9596,12955,5347,109
"전라북도","남자","55-59세",60903,845,7517,9203,4141,5139,7836,8485,12504,5191,42
"전라북도","남자","60-64세",48060,555,4717,4766,2823,3375,10199,6885,9291,5437,12
"전라북도","남자","65-69세",28922,235,1899,1766,1672,2119,9385,2679,4975,4188,4
"전라북도","남자","70세 이상",32957,101,1258,1118,1472,1691,17219,1484,2300,6312,2
"전라북도","여자","합계",377904,1576,76665,67739,77321,42833,42340,13512,15558,40202,158
"전라북도","여자","15-19세",2587,-,158,344,1114,495,47,89,67,273,-
"전라북도","여자","20-24세",19585,24,5047,4578,4867,2389,218,595,624,1212,31
"전라북도","여자","25-29세",30712,64,10705,8788,4539,2741,533,825,1071,1384,62
"전라북도","여자","30-34세",26534,31,9212,7743,3678,2306,649,749,1084,1057,25
"전라북도","여자","35-39세",33108,127,9823,8993,5028,3737,870,1203,1274,2031,22
"전라북도","여자","40-44세",39479,102,11656,9625,6757,4897,1103,1327,1534,2461,17
"전라북도","여자","45-49세",49117,267,11852,11105,9430,6522,1878,1887,2800,3375,1
"전라북도","여자","50-54세",49115,364,9271,8275,11692,6495,3396,2257,2869,4496,-
"전라북도","여자","55-59세",43807,326,5979,4879,12465,5900,5627,2137,2241,4253,-
"전라북도","여자","60-64세",34271,186,2076,2049,10372,3885,7973,1451,1288,4991,-
"전라북도","여자","65-69세",20918,45,634,892,4572,1945,7745,605,442,4038,-
"전라북도","여자","70세 이상",28671,40,252,468,2807,1521,12301,387,264,10631,-
"전라남도","계","합계",900132,4856,117488,129247,116669,77746,171774,91485,95861,92193,2813
"전라남도","계","15-19세",4515,6,149,539,1361,781,286,345,243,805,-
"전라남도","계","20-24세",33904,94,5309,6281,6513,3810,1648,3343,3039,3499,368
"전라남도","계","25-29세",63102,145,14786,14480,7590,4884,3174,6170,6893,4219,761
"전라남도","계","30-34세",59470,119,13122,13230,6735,4770,3697,6066,7439,3907,385
"전라남도","계","35-39세",79894,261,16749,17298,8835,7427,5308,8965,9488,5183,380
"전라남도","계","40-44세",90819,438,17300,18438,10932,8923,6962,10378,10460,6618,370
"전라남도","계","45-49세",108136,685,16585,19652,14393,10939,9911,14023,13377,8295,276
"전라남도","계","50-54세",116773,1026,13873,17806,18089,10869,14514,14747,15630,9984,235
"전라남도","계","55-59세",110804,1258,10956,12197,17599,9451,21729,12437,13819,11322,36
"전라남도","계","60-64세",91682,578,5444,5542,13830,7761,28434,9315,9165,11611,2
"전라남도","계","65-69세",57008,166,2003,2233,6425,3939,25545,3630,4292,8775,-
"전라남도","계","70세 이상",84025,80,1212,1551,4367,4192,50566,2066,2016,17975,-
"전라남도","남자","합계",517556,3355,53975,69450,35929,36088,101847,79036,86624,48697,2555
"전라남도","남자","15-19세",2245,4,93,194,524,347,191,262,167,463,-
"전라남도","남자","20-24세",17528,52,1273,2307,2801,1738,1196,2857,2601,2404,299
"전라남도","남자","25-29세",35956,93,5377,6141,3822,2757,2415,5412,6310,2986,643
"전라남도","남자","30-34세",35157,90,5641,6548,2765,2512,2627,5223,6726,2651,374
"전라남도","남자","35-39세",48029,168,7194,8901,3717,3784,3845,8058,8673,3340,349
"전라남도","남자","40-44세",53442,285,7291,9242,3784,4196,5192,9385,9607,4102,358
"전라남도","남자","45-49세",63225,478,7127,10146,3961,4809,7052,12322,12182,4881,267
"전라남도","남자","50-54세",69180,668,6814,10964,4564,4437,9442,12767,14020,5277,227
"전라남도","남자","55-59세",64980,849,6505,8378,3764,3917,12723,10513,12488,5807,36
"전라남도","남자","60-64세",52807,467,4067,3872,2829,3565,15671,7791,8284,6259,2
"전라남도","남자","65-69세",32145,137,1549,1617,1834,1955,13759,2945,3852,4497,-
"전라남도","남자","70세 이상",42862,64,1044,1140,1564,2071,27734,1501,1714,6030,-
"전라남도","여자","합계",382576,1501,63513,59797,80740,41658,69927,12449,9237,43496,258
"전라남도","여자","15-19세",2270,2,56,345,837,434,95,83,76,342,-
"전라남도","여자","20-24세",16376,42,4036,3974,3712,2072,452,486,438,1095,69
"전라남도","여자","25-29세",27146,52,9409,8339,3768,2127,759,758,583,1233,118
"전라남도","여자","30-34세",24313,29,7481,6682,3970,2258,1070,843,713,1256,11
"전라남도","여자","35-39세",31865,93,9555,8397,5118,3643,1463,907,815,1843,31
"전라남도","여자","40-44세",37377,153,10009,9196,7148,4727,1770,993,853,2516,12
"전라남도","여자","45-49세",44911,207,9458,9506,10432,6130,2859,1701,1195,3414,9
"전라남도","여자","50-54세",47593,358,7059,6842,13525,6432,5072,1980,1610,4707,8
"전라남도","여자","55-59세",45824,409,4451,3819,13835,5534,9006,1924,1331,5515,-
"전라남도","여자","60-64세",38875,111,1377,1670,11001,4196,12763,1524,881,5352,-
"전라남도","여자","65-69세",24863,29,454,616,4591,1984,11786,685,440,4278,-
"전라남도","여자","70세 이상",41163,16,168,411,2803,2121,22832,565,302,11945,-
"경상북도","계","합계",1284245,11182,170348,184309,163439,108249,197313,107585,213410,125088,3322
"경상북도","계","15-19세",5973,7,233,725,1789,933,218,312,694,1062,-
"경상북도","계","20-24세",46726,130,7581,8194,8363,4778,1370,3070,8511,4306,423
"경상북도","계","25-29세",92920,161,21340,19273,10715,6977,2647,7227,18151,5794,635
"경상북도","계","30-34세",95316,424,21069,21320,9709,7229,3223,7376,18748,5585,633
"경상북도","계","35-39세",119176,617,24216,25391,12825,10577,4542,10738,22657,7171,442
"경상북도","계","40-44세",131518,1118,24624,26970,14934,12067,6439,12376,23600,8978,412
"경상북도","계","45-49세",157929,1847,25063,27783,20124,15436,9987,15669,29152,12421,447
"경상북도","계","50-54세",167490,2275,20042,24510,24683,16313,16199,17042,31839,14364,223
"경상북도","계","55-59세",162569,2548,14577,17919,25502,14193,26832,15340,29669,15905,84
"경상북도","계","60-64세",131545,1444,7416,7814,19570,9952,37567,11303,18836,17625,18
"경상북도","계","65-69세",81746,407,2715,2897,9336,5370,35552,4895,8001,12568,5
"경상북도","계","70세 이상",91337,204,1472,1513,5889,4424,52737,2237,3552,19309,-
"경상북도","남자","합계",752259,8523,82041,102188,51644,52469,117689,93287,173967,67302,3149
"경상북도","남자","15-19세",2796,7,76,250,637,318,154,218,516,620,-
"경상북도","남자","20-24세",23704,97,1460,3252,3162,2276,938,2620,6740,2756,403
"경상북도","남자","25-29세",53214,110,8318,8636,5292,3876,1930,6233,14198,4056,565
"경상북도","남자","30-34세",58825,272,10062,11259,4786,4278,2107,6525,15185,3741,610
"경상북도","남자","35-39세",74029,426,11965,14174,5223,5731,3201,9583,18720,4572,434
"경상북도","남자","40-44세",78698,785,11220,14624,5319,6105,4646,10865,19278,5470,386
"경상북도","남자","45-49세",91998,1322,11323,14762,6187,7071,6968,13853,22935,7139,438
"경상북도","남자","50-54세",97798,1806,9948,14652,6624,6978,9839,14806,25187,7744,214
"경상북도","남자","55-59세",96449,1946,8914,12083,5930,6211,15320,13223,24749,7997,76
"경상북도","남자","60-64세",76846,1196,5457,5299,4244,4674,21032,9534,16276,9116,18
"경상북도","남자","65-69세",47193,371,2131,2089,2425,2715,19665,4087,7083,6622,5
"경상북도","남자","70세 이상",50709,185,1167,1108,1815,2236,31889,1740,3100,7469,-
"경상북도","여자","합계",531986,2659,88307,82121,111795,55780,79624,14298,39443,57786,173
"경상북도","여자","15-19세",3177,-,157,475,1152,615,64,94,178,442,-
"경상북도","여자","20-24세",23022,33,6121,4942,5201,2502,432,450,1771,1550,20
"경상북도","여자","25-29세",39706,51,13022,10637,5423,3101,717,994,3953,1738,70
"경상북도","여자","30-34세",36491,152,11007,10061,4923,2951,1116,851,3563,1844,23
"경상북도","여자","35-39세",45147,191,12251,11217,7602,4846,1341,1155,3937,2599,8
"경상북도","여자","40-44세",52820,333,13404,12346,9615,5962,1793,1511,4322,3508,26
"경상북도","여자","45-49세",65931,525,13740,13021,13937,8365,3019,1816,6217,5282,9
"경상북도","여자","50-54세",69692,469,10094,9858,18059,9335,6360,2236,6652,6620,9
"경상북도","여자","55-59세",66120,602,5663,5836,19572,7982,11512,2117,4920,7908,8
"경상북도","여자","60-64세",54699,248,1959,2515,15326,5278,16535,1769,2560,8509,-
"경상북도","여자","65-69세",34553,36,584,808,6911,2655,15887,808,918,5946,-
"경상북도","여자","70세 이상",40628,19,305,405,4074,2188,20848,497,452,11840,-
"경상남도","계","합계",1633692,11626,260635,266242,214833,153897,130010,168094,273022,145505,9828
"경상남도","계","15-19세",7542,17,238,738,2738,1161,187,441,952,1070,-
"경상남도","계","20-24세",62738,113,10339,10373,12951,7381,1000,4921,9202,5381,1077
"경상남도","계","25-29세",125460,250,32176,27790,15116,10232,2244,10209,18945,6883,1615
"경상남도","계","30-34세",130420,269,32809,30022,13788,11180,2436,12012,20293,6276,1335
"경상남도","계","35-39세",173649,645,41438,38025,17650,15597,3570,18876,28053,8320,1475
"경상남도","계","40-44세",192675,1085,41289,41212,20930,17964,4554,21920,31256,10791,1674
"경상남도","계","45-49세",220385,1875,37168,41342,26895,22830,7381,26419,40620,14379,1476
"경상남도","계","50-54세",225004,2454,29940,35504,32831,24112,11707,27255,43123,17183,895
"경상남도","계","55-59세",195994,2747,20243,23641,31625,19472,17161,22685,39476,18699,245
"경상남도","계","60-64세",145419,1455,9734,11391,23317,13316,24150,15020,25857,21155,24
"경상남도","계","65-69세",79177,471,3373,4167,10840,5924,21813,5846,11104,15627,12
"경상남도","계","70세 이상",75229,245,1888,2037,6152,4728,33807,2490,4141,19741,-
"경상남도","남자","합계",950187,8948,126272,144075,66355,70121,77460,147308,224944,75640,9064
"경상남도","남자","15-19세",3552,17,131,277,880,411,123,325,819,569,-
"경상남도","남자","20-24세",31200,102,1958,3995,4999,3161,708,4029,7780,3526,942
"경상남도","남자","25-29세",69475,178,11640,11770,7470,5395,1651,9070,16152,4765,1384
"경상남도","남자","30-34세",78313,191,15439,15308,6370,6142,1659,10754,17332,3924,1194
"경상남도","남자","35-39세",106708,483,20356,20297,7062,8209,2527,17102,24096,5248,1328
"경상남도","남자","40-44세",114164,840,19435,21935,7166,8188,3218,19705,25989,6044,1644
"경상남도","남자","45-49세",126850,1467,17578,21536,7417,9730,5087,23231,31820,7550,1434
"경상남도","남자","50-54세",128862,1807,15672,20784,8001,9584,7207,23743,32917,8275,872
"경상남도","남자","55-59세",115966,2064,12675,15532,7098,7987,9906,19629,32167,8678,230
"경상남도","남자","60-64세",86868,1189,7263,7989,5169,6130,13533,12733,22241,10597,24
"경상남도","남자","65-69세",47312,385,2593,3159,2746,2907,12286,5007,9974,8243,12
"경상남도","남자","70세 이상",40917,225,1532,1493,1977,2277,19555,1980,3657,8221,-
"경상남도","여자","합계",683505,2678,134363,122167,148478,83776,52550,20786,48078,69865,764
"경상남도","여자","15-19세",3990,-,107,461,1858,750,64,116,133,501,-
"경상남도","여자","20-24세",31538,11,8381,6378,7952,4220,292,892,1422,1855,135
"경상남도","여자","25-29세",55985,72,20536,16020,7646,4837,593,1139,2793,2118,231
"경상남도","여자","30-34세",52107,78,17370,14714,7418,5038,777,1258,2961,2352,141
"경상남도","여자","35-39세",66941,162,21082,17728,10588,7388,1043,1774,3957,3072,147
"경상남도","여자","40-44세",78511,245,21854,19277,13764,9776,1336,2215,5267,4747,30
"경상남도","여자","45-49세",93535,408,19590,19806,19478,13100,2294,3188,8800,6829,42
"경상남도","여자","50-54세",96142,647,14268,14720,24830,14528,4500,3512,10206,8908,23
"경상남도","여자","55-59세",80028,683,7568,8109,24527,11485,7255,3056,7309,10021,15
"경상남도","여자","60-64세",58551,266,2471,3402,18148,7186,10617,2287,3616,10558,-
"경상남도","여자","65-69세",31865,86,780,1008,8094,3017,9527,839,1130,7384,-
"경상남도","여자","70세 이상",34312,20,356,544,4175,2451,14252,510,484,11520,-
"제주특별자치도","계","합계",353095,1957,54774,56020,64774,40962,44962,28993,24689,35583,381
"제주특별자치도","계","15-19세",2194,-,93,157,839,469,117,121,49,349,-
"제주특별자치도","계","20-24세",15768,31,1852,2571,4482,2594,709,1105,596,1780,48
"제주특별자치도","계","25-29세",29958,58,6671,6540,6325,3540,1263,2045,1397,2105,14
"제주특별자치도","계","30-34세",28377,93,6456,5881,5289,3440,1690,2106,1457,1935,30
"제주특별자치도","계","35-39세",37839,108,8735,7443,6648,4793,1770,3464,2041,2770,67
"제주특별자치도","계","40-44세",41029,217,8368,8647,7411,4801,2199,3735,2824,2743,84
"제주특별자치도","계","45-49세",48225,327,8089,8691,8745,6507,3789,4443,3829,3736,69
"제주특별자치도","계","50-54세",45694,417,6583,7398,8429,5072,4972,4599,4043,4135,46
"제주특별자치도","계","55-59세",38950,475,4421,5066,7585,4399,5825,3378,3868,3910,23
"제주특별자치도","계","60-64세",28510,140,2150,2076,5088,2781,7204,2501,2436,4134,-
"제주특별자치도","계","65-69세",16556,48,859,867,2397,1345,5846,943,1400,2851,-
"제주특별자치도","계","70세 이상",19995,43,497,683,1536,1221,9578,553,749,5135,-
"제주특별자치도","남자","합계",192998,1432,26050,27949,25965,18699,27409,24127,22261,18749,357
"제주특별자치도","남자","15-19세",938,-,59,43,354,191,36,35,26,194,-
"제주특별자치도","남자","20-24세",7097,30,339,862,1807,990,653,760,461,1156,39
"제주특별자치도","남자","25-29세",15711,50,2448,2754,3347,1595,1070,1745,1192,1503,7
"제주특별자치도","남자","30-34세",16069,72,2823,2952,2678,1752,1351,1794,1310,1307,30
"제주특별자치도","남자","35-39세",21544,108,3978,3622,3450,2394,1353,2859,1905,1816,59
"제주특별자치도","남자","40-44세",23107,172,3858,4014,3479,2347,1624,3191,2606,1732,84
"제주특별자치도","남자","45-49세",26772,267,3728,4400,3275,2995,2595,3834,3445,2164,69
"제주특별자치도","남자","50-54세",25605,292,3459,4002,2725,2087,3302,3886,3638,2168,46
"제주특별자치도","남자","55-59세",21744,255,2681,3124,2103,1881,3477,2836,3521,1843,23
"제주특별자치도","남자","60-64세",15713,134,1527,1289,1436,1362,3977,2098,2196,1694,-
"제주특별자치도","남자","65-69세",9006,23,719,505,763,607,3073,727,1299,1290,-
"제주특별자치도","남자","70세 이상",9692,29,431,382,548,498,4898,362,662,1882,-
"제주특별자치도","여자","합계",160097,525,28724,28071,38809,22263,17553,4866,2428,16834,24
"제주특별자치도","여자","15-19세",1256,-,34,114,485,278,81,86,23,155,-
"제주특별자치도","여자","20-24세",8671,1,1513,1709,2675,1604,56,345,135,624,9
"제주특별자치도","여자","25-29세",14247,8,4223,3786,2978,1945,193,300,205,602,7
"제주특별자치도","여자","30-34세",12308,21,3633,2929,2611,1688,339,312,147,628,-
"제주특별자치도","여자","35-39세",16295,-,4757,3821,3198,2399,417,605,136,954,8
"제주특별자치도","여자","40-44세",17922,45,4510,4633,3932,2454,575,544,218,1011,-
"제주특별자치도","여자","45-49세",21453,60,4361,4291,5470,3512,1194,609,384,1572,-
"제주특별자치도","여자","50-54세",20089,125,3124,3396,5704,2985,1670,713,405,1967,-
"제주특별자치도","여자","55-59세",17206,220,1740,1942,5482,2518,2348,542,347,2067,-
"제주특별자치도","여자","60-64세",12797,6,623,787,3652,1419,3227,403,240,2440,-
"제주특별자치도","여자","65-69세",7550,25,140,362,1634,738,2773,216,101,1561,-
"제주특별자치도","여자","70세 이상",10303,14,66,301,988,723,4680,191,87,3253,-
