"행정구역별(시도)","산업별",2020,2020,2020,2020,2020,2020,2020,2020,2020,2020,2020,2020,2020,2020,2020
"행정구역별(시도)","산업별",종사상 지위-계,임금근로자,고용원이 없는 자영업자,고용원이 있는 자영업자,무급 가족 종사자,남자-계,임금근로자,고용원이 없는 자영업자,고용원이 있는 자영업자,무급 가족 종사자,여자-계,임금근로자,고용원이 없는 자영업자,고용원이 있는 자영업자,무급 가족 종사자
"전국","계",25839568,19946901,3692081,1312099,888487,14755802,11232035,2397739,877682,248346,11083766,8714866,1294342,434417,640141
"전국","농업, 임업 및 어업",1111287,129637,625616,29731,326303,668093,87077,486522,24466,70028,443194,42560,139094,5265,256275
"전국","광업",17185,15041,1528,506,110,14116,12309,1347,411,49,3069,2732,181,95,61
"전국","제조업",4544865,4064536,254599,166017,59713,3290270,2941143,193579,138103,17445,1254595,1123393,61020,27914,42268
"전국","전기, 가스, 증기 및 공기 조절 공급업",114567,110809,2476,970,312,93235,90434,1818,835,148,21332,20375,658,135,164
"전국","수도, 하수 및 폐기물 처리, 원료 재생업",144122,129109,7536,4628,2849,113432,101460,6682,4028,1262,30690,27649,854,600,1587
"전국","건설업",1679724,1324866,251057,88381,15420,1460328,1137810,235692,80643,6183,219396,187056,15365,7738,9237
"전국","도매 및 소매업",3450296,2247115,737082,295880,170219,1860989,1182724,427266,200642,50357,1589307,1064391,309816,95238,119862
"전국","운수 및 창고업",1349492,904476,396621,34347,14048,1155551,732086,385562,31117,6786,193941,172390,11059,3230,7262
"전국","숙박 및 음식점업",2124021,1226439,423217,277503,196862,811085,424023,177887,142880,66295,1312936,802416,245330,134623,130567
"전국","정보통신업",810857,735830,50602,22311,2114,546894,493690,34642,17881,681,263963,242140,15960,4430,1433
"전국","금융 및 보험업",897738,782077,88117,25021,2523,418928,373569,33252,11374,733,478810,408508,54865,13647,1790
"전국","부동산업",574197,450679,91211,25100,7207,359701,290220,51672,15300,2509,214496,160459,39539,9800,4698
"전국","전문, 과학 및 기술 서비스업",1140884,991662,82500,61111,5611,708046,598370,57172,50966,1538,432838,393292,25328,10145,4073
"전국","사업시설 관리, 사업 지원 및 임대 서비스업",1124953,995949,81792,31255,15957,665317,578229,58445,22445,6198,459636,417720,23347,8810,9759
"전국","공공 행정, 국방 및 사회보장 행정",1374041,1372570,753,387,331,834270,833428,431,221,190,539771,539142,322,166,141
"전국","교육 서비스업",1727811,1477019,174689,67449,8654,576005,493698,51214,28271,2822,1151806,983321,123475,39178,5832
"전국","보건업 및 사회복지 서비스업",2131056,2009137,22365,90999,8555,415780,353662,6867,53403,1848,1715276,1655475,15498,37596,6707
"전국","예술, 스포츠 및 여가관련 서비스업",474633,339284,96071,28044,11234,241402,169924,49572,17905,4001,233231,169360,46499,10139,7233
"전국","협회 및 단체, 수리 및 기타 개인 서비스업",997554,599844,301552,61863,34295,511574,328358,138006,36733,8477,485980,271486,163546,25130,25818
"전국","가구 내 고용활동 및 달리 분류되지 않은 자가 소비 생산활동",36719,27355,2638,562,6164,1542,650,73,29,790,35177,26705,2565,533,5374
"전국","국제 및 외국기관",13566,13467,59,34,6,9244,9171,38,29,6,4322,4296,21,5,-
"동부","계",20954311,16795778,2565121,1116639,476773,11874428,9376183,1601820,745212,151213,9079883,7419595,963301,371427,325560
"동부","농업, 임업 및 어업",195187,54407,86504,8923,45353,123710,35818,67052,7032,13808,71477,18589,19452,1891,31545
"동부","광업",9660,8660,592,358,50,7706,6859,523,295,29,1954,1801,69,63,21
"동부","제조업",3606219,3220066,200841,140081,45231,2605582,2323483,152123,116644,13332,1000637,896583,48718,23437,31899
"동부","전기, 가스, 증기 및 공기 조절 공급업",85160,82346,1776,790,248,68873,66835,1265,682,91,16287,15511,511,108,157
"동부","수도, 하수 및 폐기물 처리, 원료 재생업",110305,99162,5584,3457,2102,86123,77192,4949,3049,933,24182,21970,635,408,1169
"동부","건설업",1390911,1113477,192315,73203,11916,1204070,952768,179834,66714,4754,186841,160709,12481,6489,7162
"동부","도매 및 소매업",2997290,1993628,608446,259883,135333,1613276,1045092,351711,175986,40487,1384014,948536,256735,83897,94846
"동부","운수 및 창고업",1141978,778446,323820,28676,11036,974969,628816,314748,25975,5430,167009,149630,9072,2701,5606
"동부","숙박 및 음식점업",1742895,1059712,309375,231907,141901,672014,373250,129478,121041,48245,1070881,686462,179897,110866,93656
"동부","정보통신업",757520,688643,46397,20688,1792,508366,459648,31676,16472,570,249154,228995,14721,4216,1222
"동부","금융 및 보험업",804858,702109,77852,22732,2165,374656,334435,29313,10319,589,430202,367674,48539,12413,1576
"동부","부동산업",511304,404068,78100,22711,6425,319476,260341,43244,13712,2179,191828,143727,34856,8999,4246
"동부","전문, 과학 및 기술 서비스업",1047474,912663,73642,56270,4899,647825,549143,50529,46832,1321,399649,363520,23113,9438,3578
"동부","사업시설 관리, 사업 지원 및 임대 서비스업",975512,869001,66855,26847,12809,565100,494245,46785,19123,4947,410412,374756,20070,7724,7862
"동부","공공 행정, 국방 및 사회보장 행정",1049852,1048624,632,347,249,630329,629656,362,188,123,419523,418968,270,159,126
"동부","교육 서비스업",1489570,1272561,150108,59619,7282,493057,421961,43657,25086,2353,996513,850600,106451,34533,4929
"동부","보건업 및 사회복지 서비스업",1776150,1668803,18579,82018,6750,354630,298073,5776,49349,1432,1421520,1370730,12803,32669,5318
"동부","예술, 스포츠 및 여가관련 서비스업",387905,276084,78778,24202,8841,197043,137676,40560,15646,3161,190862,138408,38218,8556,5680
"동부","협회 및 단체, 수리 및 기타 개인 서비스업",830822,507957,242506,53353,27006,419316,273420,108144,31009,6743,411506,234537,134362,22344,20263
"동부","가구 내 고용활동 및 달리 분류되지 않은 자가 소비 생산활동",33207,24907,2370,545,5385,1349,577,57,29,686,31858,24330,2313,516,4699
"동부","국제 및 외국기관",10532,10454,49,29,-,6958,6895,34,29,-,3574,3559,15,-,-
"읍부","계",2549685,1870646,440133,112405,126501,1494603,1089249,296211,75090,34053,1055082,781397,143922,37315,92448
"읍부","농업, 임업 및 어업",206288,27287,113432,5709,59860,125963,18554,88938,4898,13573,80325,8733,24494,811,46287
"읍부","광업",3744,3453,210,59,22,3288,3068,174,35,11,456,385,36,24,11
"읍부","제조업",568887,517585,28239,15908,7155,411189,374221,21703,13281,1984,157698,143364,6536,2627,5171
"읍부","전기, 가스, 증기 및 공기 조절 공급업",15323,14854,346,87,36,12680,12286,276,84,34,2643,2568,70,3,2
"읍부","수도, 하수 및 폐기물 처리, 원료 재생업",19704,17520,1105,667,412,15861,14132,987,553,189,3843,3388,118,114,223
"읍부","건설업",166766,124490,31518,8856,1902,146563,107907,29843,8121,692,20203,16583,1675,735,1210
"읍부","도매 및 소매업",280097,164163,74389,22787,18758,152128,88090,43431,15401,5206,127969,76073,30958,7386,13552
"읍부","운수 및 창고업",128752,78847,44483,3633,1789,111728,64379,43250,3312,787,17024,14468,1233,321,1002
"읍부","숙박 및 음식점업",207197,99944,55037,26415,25801,73987,30225,22610,12565,8587,133210,69719,32427,13850,17214
"읍부","정보통신업",35731,31915,2581,1017,218,25725,22938,1795,913,79,10006,8977,786,104,139
"읍부","금융 및 보험업",57460,49281,6571,1421,187,26283,23096,2455,674,58,31177,26185,4116,747,129
"읍부","부동산업",39313,29482,7797,1544,490,24512,18584,4699,1051,178,14801,10898,3098,493,312
"읍부","전문, 과학 및 기술 서비스업",60122,51229,5262,3195,436,38437,31578,4035,2715,109,21685,19651,1227,480,327
"읍부","사업시설 관리, 사업 지원 및 임대 서비스업",91072,78090,8545,2572,1865,59247,50085,6580,1881,701,31825,28005,1965,691,1164
"읍부","공공 행정, 국방 및 사회보장 행정",173429,173264,80,34,51,109134,109017,44,30,43,64295,64247,36,4,8
"읍부","교육 서비스업",142778,120594,16205,5232,747,47645,40498,4802,2104,241,95133,80096,11403,3128,506
"읍부","보건업 및 사회복지 서비스업",206562,198109,1978,5557,918,34617,31408,530,2470,209,171945,166701,1448,3087,709
"읍부","예술, 스포츠 및 여가관련 서비스업",46788,34304,9010,2205,1269,23546,17228,4557,1338,423,23242,17076,4453,867,846
"읍부","협회 및 단체, 수리 및 기타 개인 서비스업",95043,52270,33144,5495,4134,50287,30225,15487,3664,911,44756,22045,17657,1831,3223
"읍부","가구 내 고용활동 및 달리 분류되지 않은 자가 소비 생산활동",2356,1702,191,12,451,94,45,11,-,38,2262,1657,180,12,413
"읍부","국제 및 외국기관",2273,2263,10,-,-,1689,1685,4,-,-,584,578,6,-,-
"면부","계",2335572,1280477,686827,83055,285213,1386771,766603,499708,57380,63080,948801,513874,187119,25675,222133
"면부","농업, 임업 및 어업",709812,47943,425680,15099,221090,418420,32705,330532,12536,42647,291392,15238,95148,2563,178443
"면부","광업",3781,2928,726,89,38,3122,2382,650,81,9,659,546,76,8,29
"면부","제조업",369759,326885,25519,10028,7327,273499,243439,19753,8178,2129,96260,83446,5766,1850,5198
"면부","전기, 가스, 증기 및 공기 조절 공급업",14084,13609,354,93,28,11682,11313,277,69,23,2402,2296,77,24,5
"면부","수도, 하수 및 폐기물 처리, 원료 재생업",14113,12427,847,504,335,11448,10136,746,426,140,2665,2291,101,78,195
"면부","건설업",122047,86899,27224,6322,1602,109695,77135,26015,5808,737,12352,9764,1209,514,865
"면부","도매 및 소매업",172909,89324,54247,13210,16128,95585,49542,32124,9255,4664,77324,39782,22123,3955,11464
"면부","운수 및 창고업",78762,47183,28318,2038,1223,68854,38891,27564,1830,569,9908,8292,754,208,654
"면부","숙박 및 음식점업",173929,66783,58805,19181,29160,65084,20548,25799,9274,9463,108845,46235,33006,9907,19697
"면부","정보통신업",17606,15272,1624,606,104,12803,11104,1171,496,32,4803,4168,453,110,72
"면부","금융 및 보험업",35420,30687,3694,868,171,17989,16038,1484,381,86,17431,14649,2210,487,85
"면부","부동산업",23580,17129,5314,845,292,15713,11295,3729,537,152,7867,5834,1585,308,140
"면부","전문, 과학 및 기술 서비스업",33288,27770,3596,1646,276,21784,17649,2608,1419,108,11504,10121,988,227,168
"면부","사업시설 관리, 사업 지원 및 임대 서비스업",58369,48858,6392,1836,1283,40970,33899,5080,1441,550,17399,14959,1312,395,733
"면부","공공 행정, 국방 및 사회보장 행정",150760,150682,41,6,31,94807,94755,25,3,24,55953,55927,16,3,7
"면부","교육 서비스업",95463,83864,8376,2598,625,35303,31239,2755,1081,228,60160,52625,5621,1517,397
"면부","보건업 및 사회복지 서비스업",148344,142225,1808,3424,887,26533,24181,561,1584,207,121811,118044,1247,1840,680
"면부","예술, 스포츠 및 여가관련 서비스업",39940,28896,8283,1637,1124,20813,15020,4455,921,417,19127,13876,3828,716,707
"면부","협회 및 단체, 수리 및 기타 개인 서비스업",71689,39617,25902,3015,3155,41971,24713,14375,2060,823,29718,14904,11527,955,2332
"면부","가구 내 고용활동 및 달리 분류되지 않은 자가 소비 생산활동",1156,746,77,5,328,99,28,5,-,66,1057,718,72,5,262
"면부","국제 및 외국기관",761,750,-,5,6,597,591,-,-,6,164,159,-,5,-
"서울특별시","계",4922176,4006892,550974,271502,92808,2679464,2129862,339265,179562,30775,2242712,1877030,211709,91940,62033
"서울특별시","농업, 임업 및 어업",7139,4034,1625,403,1077,4597,2587,1197,284,529,2542,1447,428,119,548
"서울특별시","광업",821,656,70,79,16,596,477,58,56,5,225,179,12,23,11
"서울특별시","제조업",457423,371382,45958,28404,11679,298609,240553,32126,22442,3488,158814,130829,13832,5962,8191
"서울특별시","전기, 가스, 증기 및 공기 조절 공급업",12454,12014,283,89,68,9359,9036,211,89,23,3095,2978,72,-,45
"서울특별시","수도, 하수 및 폐기물 처리, 원료 재생업",14148,12722,710,456,260,10648,9423,657,404,164,3500,3299,53,52,96
"서울특별시","건설업",287819,236875,34784,13849,2311,247992,202011,32569,12456,956,39827,34864,2215,1393,1355
"서울특별시","도매 및 소매업",838105,601902,139628,67170,29405,454152,317580,81901,45325,9346,383953,284322,57727,21845,20059
"서울특별시","운수 및 창고업",240009,169845,62817,5358,1989,198128,131256,61147,4825,900,41881,38589,1670,533,1089
"서울특별시","숙박 및 음식점업",432516,292504,60348,52949,26715,183063,117610,27319,28331,9803,249453,174894,33029,24618,16912
"서울특별시","정보통신업",319499,291637,18955,8364,543,204040,185212,12234,6458,136,115459,106425,6721,1906,407
"서울특별시","금융 및 보험업",281825,255910,18634,6694,587,143883,131946,8368,3373,196,137942,123964,10266,3321,391
"서울특별시","부동산업",152746,124524,19069,7011,2142,97349,81498,10879,4282,690,55397,43026,8190,2729,1452
"서울특별시","전문, 과학 및 기술 서비스업",375305,328217,26084,19410,1594,217382,184679,16592,15650,461,157923,143538,9492,3760,1133
"서울특별시","사업시설 관리, 사업 지원 및 임대 서비스업",263444,238362,15757,6682,2643,140102,124013,10424,4527,1138,123342,114349,5333,2155,1505
"서울특별시","공공 행정, 국방 및 사회보장 행정",198618,198163,207,167,81,114446,114218,108,83,37,84172,83945,99,84,44
"서울특별시","교육 서비스업",350612,302483,33001,13411,1717,118653,103045,9704,5353,551,231959,199438,23297,8058,1166
"서울특별시","보건업 및 사회복지 서비스업",378224,347874,5262,23250,1838,87596,69764,1768,15706,358,290628,278110,3494,7544,1480
"서울특별시","예술, 스포츠 및 여가관련 서비스업",101721,73210,21228,5679,1604,51581,36346,10980,3753,502,50140,36864,10248,1926,1102
"서울특별시","협회 및 단체, 수리 및 기타 개인 서비스업",194503,132101,45714,11835,4853,95424,67051,21018,6136,1219,99079,65050,24696,5699,3634
"서울특별시","가구 내 고용활동 및 달리 분류되지 않은 자가 소비 생산활동",12679,9929,835,229,1686,570,281,-,16,273,12109,9648,835,213,1413
"서울특별시","국제 및 외국기관",2566,2548,5,13,-,1294,1276,5,13,-,1272,1272,-,-,-
"부산광역시","계",1571736,1221524,219253,90130,40829,888170,677429,136359,61716,12666,683566,544095,82894,28414,28163
"부산광역시","농업, 임업 및 어업",9798,3713,3696,485,1904,6559,2797,2844,408,510,3239,916,852,77,1394
"부산광역시","광업",365,324,23,18,-,295,263,17,15,-,70,61,6,3,-
"부산광역시","제조업",259003,224797,17369,13009,3828,190690,164373,13897,11379,1041,68313,60424,3472,1630,2787
"부산광역시","전기, 가스, 증기 및 공기 조절 공급업",8098,7923,89,80,6,6728,6582,77,69,-,1370,1341,12,11,6
"부산광역시","수도, 하수 및 폐기물 처리, 원료 재생업",8785,7992,391,283,119,6843,6197,342,238,66,1942,1795,49,45,53
"부산광역시","건설업",110349,87396,15965,5917,1071,96488,75759,14937,5382,410,13861,11637,1028,535,661
"부산광역시","도매 및 소매업",241182,146727,58886,21963,13606,127057,75597,32665,14922,3873,114125,71130,26221,7041,9733
"부산광역시","운수 및 창고업",120607,86257,30556,2733,1061,105232,72406,29855,2440,531,15375,13851,701,293,530
"부산광역시","숙박 및 음식점업",146188,85607,28421,19277,12883,56438,29658,12062,10167,4551,89750,55949,16359,9110,8332
"부산광역시","정보통신업",27118,23717,2160,1103,138,18561,16035,1545,933,48,8557,7682,615,170,90
"부산광역시","금융 및 보험업",54107,46647,5858,1470,132,23215,20488,2066,629,32,30892,26159,3792,841,100
"부산광역시","부동산업",36946,28627,6220,1782,317,22538,18155,3229,1034,120,14408,10472,2991,748,197
"부산광역시","전문, 과학 및 기술 서비스업",49038,41036,4045,3723,234,29945,23831,2990,3078,46,19093,17205,1055,645,188
"부산광역시","사업시설 관리, 사업 지원 및 임대 서비스업",65213,57634,4873,1898,808,38741,33476,3525,1404,336,26472,24158,1348,494,472
"부산광역시","공공 행정, 국방 및 사회보장 행정",73459,73396,36,19,8,44503,44462,27,14,-,28956,28934,9,5,8
"부산광역시","교육 서비스업",107909,91306,11980,4105,518,35775,30368,3552,1680,175,72134,60938,8428,2425,343
"부산광역시","보건업 및 사회복지 서비스업",161468,153051,1267,6621,529,33321,28359,446,4426,90,128147,124692,821,2195,439
"부산광역시","예술, 스포츠 및 여가관련 서비스업",25319,17907,5333,1476,603,12702,8892,2566,1014,230,12617,9015,2767,462,373
"부산광역시","협회 및 단체, 수리 및 기타 개인 서비스업",64240,35596,21955,4118,2571,32294,19555,9705,2472,562,31946,16041,12250,1646,2009
"부산광역시","가구 내 고용활동 및 달리 분류되지 않은 자가 소비 생산활동",2335,1662,130,50,493,100,31,12,12,45,2235,1631,118,38,448
"부산광역시","국제 및 외국기관",209,209,-,-,-,145,145,-,-,-,64,64,-,-,-
"대구광역시","계",1126570,861620,167027,67805,30118,647312,481300,108285,48764,8963,479258,380320,58742,19041,21155
"대구광역시","농업, 임업 및 어업",11121,2563,5597,394,2567,7050,1651,4259,307,833,4071,912,1338,87,1734
"대구광역시","광업",508,416,79,13,-,337,269,62,6,-,171,147,17,7,-
"대구광역시","제조업",224467,191272,17407,12355,3433,163370,137919,13825,10654,972,61097,53353,3582,1701,2461
"대구광역시","전기, 가스, 증기 및 공기 조절 공급업",5072,4899,130,26,17,3896,3790,85,21,-,1176,1109,45,5,17
"대구광역시","수도, 하수 및 폐기물 처리, 원료 재생업",7100,6430,400,215,55,5645,5075,370,175,25,1455,1355,30,40,30
"대구광역시","건설업",79516,61243,12461,4977,835,70076,53381,11713,4643,339,9440,7862,748,334,496
"대구광역시","도매 및 소매업",167442,99212,42657,16450,9123,91690,52020,25640,11758,2272,75752,47192,17017,4692,6851
"대구광역시","운수 및 창고업",57039,32996,21838,1558,647,51209,28177,21323,1417,292,5830,4819,515,141,355
"대구광역시","숙박 및 음식점업",89674,49836,19060,12022,8756,34939,16999,8423,6733,2784,54735,32837,10637,5289,5972
"대구광역시","정보통신업",21137,18893,1480,651,113,14789,13036,1153,549,51,6348,5857,327,102,62
"대구광역시","금융 및 보험업",38872,32966,4446,1279,181,17493,15238,1576,637,42,21379,17728,2870,642,139
"대구광역시","부동산업",23522,17817,4375,1043,287,15033,11665,2523,733,112,8489,6152,1852,310,175
"대구광역시","전문, 과학 및 기술 서비스업",33939,27536,3294,2832,277,21163,15987,2628,2462,86,12776,11549,666,370,191
"대구광역시","사업시설 관리, 사업 지원 및 임대 서비스업",41598,36389,3286,1326,597,24741,20944,2458,1033,306,16857,15445,828,293,291
"대구광역시","공공 행정, 국방 및 사회보장 행정",61519,61477,26,16,-,38751,38731,20,-,-,22768,22746,6,16,-
"대구광역시","교육 서비스업",88440,75372,9533,3082,453,29138,24930,2664,1371,173,59302,50442,6869,1711,280
"대구광역시","보건업 및 사회복지 서비스업",108755,101864,862,5623,406,23967,19741,342,3740,144,84788,82123,520,1883,262
"대구광역시","예술, 스포츠 및 여가관련 서비스업",16940,11650,3815,1011,464,8620,5676,1999,750,195,8320,5974,1816,261,269
"대구광역시","협회 및 단체, 수리 및 기타 개인 서비스업",46872,26128,16135,2932,1677,24044,14754,7211,1775,304,22828,11374,8924,1157,1373
"대구광역시","가구 내 고용활동 및 달리 분류되지 않은 자가 소비 생산활동",1380,1012,138,-,230,40,-,7,-,33,1340,1012,131,-,197
"대구광역시","국제 및 외국기관",1657,1649,8,-,-,1321,1317,4,-,-,336,332,4,-,-
"인천광역시","계",1491696,1205863,179580,73669,32584,857900,680830,116519,49317,11234,633796,525033,63061,24352,21350
"인천광역시","농업, 임업 및 어업",11418,2218,5681,441,3078,7542,1699,4458,342,1043,3876,519,1223,99,2035
"인천광역시","광업",791,714,45,17,15,627,552,43,17,15,164,162,2,-,-
"인천광역시","제조업",311653,281285,15104,12080,3184,218754,195830,11781,10213,930,92899,85455,3323,1867,2254
"인천광역시","전기, 가스, 증기 및 공기 조절 공급업",5430,5367,29,34,-,4624,4573,29,22,-,806,794,-,12,-
"인천광역시","수도, 하수 및 폐기물 처리, 원료 재생업",9728,8773,530,293,132,7728,6855,505,278,90,2000,1918,25,15,42
"인천광역시","건설업",105277,84021,15195,5029,1032,91667,72584,14027,4590,466,13610,11437,1168,439,566
"인천광역시","도매 및 소매업",208887,142670,41171,16479,8567,114740,75626,25101,11124,2889,94147,67044,16070,5355,5678
"인천광역시","운수 및 창고업",117515,87779,26350,2447,939,95538,67320,25566,2161,491,21977,20459,784,286,448
"인천광역시","숙박 및 음식점업",116576,71151,20609,15115,9701,44106,24153,8770,7807,3376,72470,46998,11839,7308,6325
"인천광역시","정보통신업",39191,35160,2784,1117,130,26732,23784,2054,842,52,12459,11376,730,275,78
"인천광역시","금융 및 보험업",45026,38232,5137,1541,116,18400,15883,1849,636,32,26626,22349,3288,905,84
"인천광역시","부동산업",35794,28337,5418,1689,350,22670,18538,2906,1041,185,13124,9799,2512,648,165
"인천광역시","전문, 과학 및 기술 서비스업",53775,46802,4307,2338,328,32309,27209,3072,1957,71,21466,19593,1235,381,257
"인천광역시","사업시설 관리, 사업 지원 및 임대 서비스업",75677,67303,5343,1911,1120,43697,38335,3699,1267,396,31980,28968,1644,644,724
"인천광역시","공공 행정, 국방 및 사회보장 행정",72690,72603,31,48,8,40801,40781,4,14,2,31889,31822,27,34,6
"인천광역시","교육 서비스업",83110,69959,8977,3548,626,26336,21925,2419,1722,270,56774,48034,6558,1826,356
"인천광역시","보건업 및 사회복지 서비스업",114580,109326,1078,3767,409,18918,16695,271,1880,72,95662,92631,807,1887,337
"인천광역시","예술, 스포츠 및 여가관련 서비스업",24790,16723,5451,1857,759,12688,8498,2791,1126,273,12102,8225,2660,731,486
"인천광역시","협회 및 단체, 수리 및 기타 개인 서비스업",57483,35696,16199,3868,1720,29710,19733,7174,2278,525,27773,15963,9025,1590,1195
"인천광역시","가구 내 고용활동 및 달리 분류되지 않은 자가 소비 생산활동",2018,1457,141,50,370,100,44,-,-,56,1918,1413,141,50,314
"인천광역시","국제 및 외국기관",287,287,-,-,-,213,213,-,-,-,74,74,-,-,-
"광주광역시","계",706099,557618,91213,39400,17868,397329,308728,56941,25685,5975,308770,248890,34272,13715,11893
"광주광역시","농업, 임업 및 어업",10714,2719,4829,482,2684,6542,1802,3526,415,799,4172,917,1303,67,1885
"광주광역시","광업",323,294,8,21,-,272,254,8,10,-,51,40,-,11,-
"광주광역시","제조업",105956,95790,5821,3206,1139,78823,71556,4315,2528,424,27133,24234,1506,678,715
"광주광역시","전기, 가스, 증기 및 공기 조절 공급업",4403,4170,162,62,9,3530,3371,95,55,9,873,799,67,7,-
"광주광역시","수도, 하수 및 폐기물 처리, 원료 재생업",4112,3751,214,112,35,3184,2877,208,92,7,928,874,6,20,28
"광주광역시","건설업",57729,47090,6999,3199,441,48797,39157,6481,2971,188,8932,7933,518,228,253
"광주광역시","도매 및 소매업",96691,59324,22803,9240,5324,53937,32867,13196,6175,1699,42754,26457,9607,3065,3625
"광주광역시","운수 및 창고업",33406,21798,10299,991,318,30152,19143,9872,923,214,3254,2655,427,68,104
"광주광역시","숙박 및 음식점업",55910,31920,10845,8370,4775,20870,10447,4603,4203,1617,35040,21473,6242,4167,3158
"광주광역시","정보통신업",13274,12022,859,379,14,9202,8170,667,361,4,4072,3852,192,18,10
"광주광역시","금융 및 보험업",28262,24076,3114,993,79,12648,11080,1147,393,28,15614,12996,1967,600,51
"광주광역시","부동산업",16532,12986,2805,466,275,10401,8316,1609,347,129,6131,4670,1196,119,146
"광주광역시","전문, 과학 및 기술 서비스업",24205,20502,1909,1660,134,15144,12139,1516,1422,67,9061,8363,393,238,67
"광주광역시","사업시설 관리, 사업 지원 및 임대 서비스업",30287,26329,2530,938,490,18030,15260,1825,743,202,12257,11069,705,195,288
"광주광역시","공공 행정, 국방 및 사회보장 행정",44739,44695,25,11,8,25829,25793,25,11,-,18910,18902,-,-,8
"광주광역시","교육 서비스업",58385,50775,4868,2501,241,20548,17831,1583,1029,105,37837,32944,3285,1472,136
"광주광역시","보건업 및 사회복지 서비스업",75973,71123,737,3754,359,16573,13978,254,2246,95,59400,57145,483,1508,264
"광주광역시","예술, 스포츠 및 여가관련 서비스업",12972,9259,2584,844,285,6912,4697,1533,550,132,6060,4562,1051,294,153
"광주광역시","협회 및 단체, 수리 및 기타 개인 서비스업",31416,18365,9764,2164,1123,15898,9965,4473,1211,249,15518,8400,5291,953,874
"광주광역시","가구 내 고용활동 및 달리 분류되지 않은 자가 소비 생산활동",790,610,38,7,135,29,17,5,-,7,761,593,33,7,128
"광주광역시","국제 및 외국기관",20,20,-,-,-,8,8,-,-,-,12,12,-,-,-
"대전광역시","계",731678,584983,91693,38621,16381,416761,326712,58738,26088,5223,314917,258271,32955,12533,11158
"대전광역시","농업, 임업 및 어업",6024,1470,2755,140,1659,3961,1096,2276,99,490,2063,374,479,41,1169
"대전광역시","광업",231,197,19,8,7,171,161,10,-,-,60,36,9,8,7
"대전광역시","제조업",92352,81146,6398,3648,1160,67991,59712,4901,3010,368,24361,21434,1497,638,792
"대전광역시","전기, 가스, 증기 및 공기 조절 공급업",3324,3196,61,67,-,2618,2507,52,59,-,706,689,9,8,-
"대전광역시","수도, 하수 및 폐기물 처리, 원료 재생업",5014,4597,228,158,31,3972,3595,200,158,19,1042,1002,28,-,12
"대전광역시","건설업",53354,42244,7864,2879,367,46792,36663,7322,2658,149,6562,5581,542,221,218
"대전광역시","도매 및 소매업",97331,60864,22062,9249,5156,53988,32798,13165,6317,1708,43343,28066,8897,2932,3448
"대전광역시","운수 및 창고업",37424,24031,11965,1099,329,33047,20188,11666,1031,162,4377,3843,299,68,167
"대전광역시","숙박 및 음식점업",61953,37317,11513,8375,4748,23519,12612,4928,4399,1580,38434,24705,6585,3976,3168
"대전광역시","정보통신업",22336,20429,1259,578,70,15692,14336,914,423,19,6644,6093,345,155,51
"대전광역시","금융 및 보험업",26270,23049,2439,743,39,11784,10276,1102,406,-,14486,12773,1337,337,39
"대전광역시","부동산업",15869,12487,2591,593,198,10331,8396,1480,384,71,5538,4091,1111,209,127
"대전광역시","전문, 과학 및 기술 서비스업",49403,45398,2041,1742,222,33486,30425,1493,1475,93,15917,14973,548,267,129
"대전광역시","사업시설 관리, 사업 지원 및 임대 서비스업",35144,31404,2209,984,547,19276,16713,1661,747,155,15868,14691,548,237,392
"대전광역시","공공 행정, 국방 및 사회보장 행정",47554,47544,-,9,1,28657,28648,-,9,-,18897,18896,-,-,1
"대전광역시","교육 서비스업",64375,56386,5680,2110,199,24231,21466,1823,877,65,40144,34920,3857,1233,134
"대전광역시","보건업 및 사회복지 서비스업",68270,64056,563,3473,178,14040,11565,204,2240,31,54230,52491,359,1233,147
"대전광역시","예술, 스포츠 및 여가관련 서비스업",12215,8667,2508,771,269,6256,4379,1227,576,74,5959,4288,1281,195,195
"대전광역시","협회 및 단체, 수리 및 기타 개인 서비스업",32181,19730,9464,1978,1009,16901,11153,4314,1220,214,15280,8577,5150,758,795
"대전광역시","가구 내 고용활동 및 달리 분류되지 않은 자가 소비 생산활동",1032,749,74,17,192,35,10,-,-,25,997,739,74,17,167
"대전광역시","국제 및 외국기관",22,22,-,-,-,13,13,-,-,-,9,9,-,-,-
"울산광역시","계",547938,449250,62730,24104,11854,338282,283935,35338,15212,3797,209656,165315,27392,8892,8057
"울산광역시","농업, 임업 및 어업",5510,809,3000,236,1465,3336,503,2197,184,452,2174,306,803,52,1013
"울산광역시","광업",747,715,9,23,-,483,451,9,23,-,264,264,-,-,-
"울산광역시","제조업",187836,180017,4287,2811,721,161483,155682,3253,2350,198,26353,24335,1034,461,523
"울산광역시","전기, 가스, 증기 및 공기 조절 공급업",5044,4992,32,20,-,4194,4165,14,15,-,850,827,18,5,-
"울산광역시","수도, 하수 및 폐기물 처리, 원료 재생업",2862,2567,147,98,50,2247,1998,143,98,8,615,569,4,-,42
"울산광역시","건설업",33772,27121,4687,1714,250,29287,23307,4334,1587,59,4485,3814,353,127,191
"울산광역시","도매 및 소매업",54937,33513,13177,5239,3008,25636,15037,6541,3200,858,29301,18476,6636,2039,2150
"울산광역시","운수 및 창고업",25439,16581,7773,714,371,22545,14217,7468,666,194,2894,2364,305,48,177
"울산광역시","숙박 및 음식점업",43097,23359,9934,5812,3992,13351,5787,3334,2691,1539,29746,17572,6600,3121,2453
"울산광역시","정보통신업",5498,4968,358,154,18,3695,3345,218,127,5,1803,1623,140,27,13
"울산광역시","금융 및 보험업",14302,11725,2105,398,74,4793,4047,566,174,6,9509,7678,1539,224,68
"울산광역시","부동산업",9066,6932,1747,304,83,4951,4043,733,137,38,4115,2889,1014,167,45
"울산광역시","전문, 과학 및 기술 서비스업",15530,13625,1075,744,86,10099,8592,843,647,17,5431,5033,232,97,69
"울산광역시","사업시설 관리, 사업 지원 및 임대 서비스업",19004,16802,1387,576,239,11818,10334,944,428,112,7186,6468,443,148,127
"울산광역시","공공 행정, 국방 및 사회보장 행정",22170,22163,-,7,-,12005,11998,-,7,-,10165,10165,-,-,-
"울산광역시","교육 서비스업",36232,30621,3775,1675,161,10290,8485,1002,760,43,25942,22136,2773,915,118
"울산광역시","보건업 및 사회복지 서비스업",39826,37685,347,1623,171,5904,4862,70,958,14,33922,32823,277,665,157
"울산광역시","예술, 스포츠 및 여가관련 서비스업",7454,4904,1821,535,194,3336,2163,758,316,99,4118,2741,1063,219,95
"울산광역시","협회 및 단체, 수리 및 기타 개인 서비스업",18918,9642,7003,1406,867,8800,4899,2911,844,146,10118,4743,4092,562,721
"울산광역시","가구 내 고용활동 및 달리 분류되지 않은 자가 소비 생산활동",670,490,66,10,104,10,1,-,-,9,660,489,66,10,95
"울산광역시","국제 및 외국기관",24,19,-,5,-,19,19,-,-,-,5,-,-,5,-
"세종특별자치시","계",178265,145184,19987,8004,5090,101605,83002,12362,5008,1233,76660,62182,7625,2996,3857
"세종특별자치시","농업, 임업 및 어업",6804,901,3615,120,2168,4011,595,3008,85,323,2793,306,607,35,1845
"세종특별자치시","광업",85,77,8,-,-,63,55,8,-,-,22,22,-,-,-
"세종특별자치시","제조업",26665,24732,1075,699,159,20176,18768,833,540,35,6489,5964,242,159,124
"세종특별자치시","전기, 가스, 증기 및 공기 조절 공급업",1101,1070,24,7,-,960,937,16,7,-,141,133,8,-,-
"세종특별자치시","수도, 하수 및 폐기물 처리, 원료 재생업",1207,1117,68,15,7,982,908,59,15,-,225,209,9,-,7
"세종특별자치시","건설업",8819,7281,1042,457,39,7563,6192,939,420,12,1256,1089,103,37,27
"세종특별자치시","도매 및 소매업",14142,8366,3277,1675,824,7808,4518,1898,1102,290,6334,3848,1379,573,534
"세종특별자치시","운수 및 창고업",5644,3769,1603,203,69,4987,3244,1531,177,35,657,525,72,26,34
"세종특별자치시","숙박 및 음식점업",11222,6215,2082,1833,1092,4537,2359,944,889,345,6685,3856,1138,944,747
"세종특별자치시","정보통신업",4471,4093,260,104,14,3183,2893,192,84,14,1288,1200,68,20,-
"세종특별자치시","금융 및 보험업",4747,4270,393,84,-,2246,2051,134,61,-,2501,2219,259,23,-
"세종특별자치시","부동산업",5488,3857,1226,318,87,2944,2139,585,195,25,2544,1718,641,123,62
"세종특별자치시","전문, 과학 및 기술 서비스업",12329,11415,500,367,47,7963,7389,290,284,-,4366,4026,210,83,47
"세종특별자치시","사업시설 관리, 사업 지원 및 임대 서비스업",6095,5214,583,214,84,3482,2902,404,158,18,2613,2312,179,56,66
"세종특별자치시","공공 행정, 국방 및 사회보장 행정",30161,30143,9,3,6,18301,18292,-,3,6,11860,11851,9,-,-
"세종특별자치시","교육 서비스업",19229,16481,1907,748,93,6151,5271,497,356,27,13078,11210,1410,392,66
"세종특별자치시","보건업 및 사회복지 서비스업",11882,10953,215,620,94,2175,1757,47,353,18,9707,9196,168,267,76
"세종특별자치시","예술, 스포츠 및 여가관련 서비스업",2803,1948,584,184,87,1383,942,305,96,40,1420,1006,279,88,47
"세종특별자치시","협회 및 단체, 수리 및 기타 개인 서비스업",5112,3088,1494,353,177,2670,1775,672,183,40,2442,1313,822,170,137
"세종특별자치시","가구 내 고용활동 및 달리 분류되지 않은 자가 소비 생산활동",243,178,22,-,43,5,-,-,-,5,238,178,22,-,38
"세종특별자치시","국제 및 외국기관",16,16,-,-,-,15,15,-,-,-,1,1,-,-,-
"경기도","계",6821429,5481568,823347,359083,157431,3957221,3134064,532952,240719,49486,2864208,2347504,290395,118364,107945
"경기도","농업, 임업 및 어업",99740,17401,51226,4332,26781,63613,11322,41296,3479,7516,36127,6079,9930,853,19265
"경기도","광업",2418,2054,232,120,12,1884,1596,196,92,-,534,458,36,28,12
"경기도","제조업",1395871,1261452,65776,53250,15393,980231,880512,50902,44295,4522,415640,380940,14874,8955,10871
"경기도","전기, 가스, 증기 및 공기 조절 공급업",19425,18594,502,240,89,15737,15083,396,227,31,3688,3511,106,13,58
"경기도","수도, 하수 및 폐기물 처리, 원료 재생업",39291,34503,2478,1331,979,30384,26671,2096,1198,419,8907,7832,382,133,560
"경기도","건설업",461650,369207,64538,24118,3787,400211,316636,60278,21839,1458,61439,52571,4260,2279,2329
"경기도","도매 및 소매업",950253,659201,174922,79512,36618,524738,354624,104479,54266,11369,425515,304577,70443,25246,25249
"경기도","운수 및 창고업",377771,255894,108522,9788,3567,317932,201907,105441,8838,1746,59839,53987,3081,950,1821
"경기도","숙박 및 음식점업",519274,318128,86115,71428,43603,198183,109697,36804,37227,14455,321091,208431,49311,34201,29148
"경기도","정보통신업",269782,245314,16199,7655,614,189103,171258,11364,6269,212,80679,74056,4835,1386,402
"경기도","금융 및 보험업",210480,178583,24595,6621,681,96783,84847,8891,2860,185,113697,93736,15704,3761,496
"경기도","부동산업",159644,122705,26622,8091,2226,99066,78403,15145,4801,717,60578,44302,11477,3290,1509
"경기도","전문, 과학 및 기술 서비스업",359014,315339,24643,17792,1240,233462,201280,16986,14875,321,125552,114059,7657,2917,919
"경기도","사업시설 관리, 사업 지원 및 임대 서비스업",331984,296798,21745,8673,4768,194152,170864,15269,6207,1812,137832,125934,6476,2466,2956
"경기도","공공 행정, 국방 및 사회보장 행정",284970,284611,200,65,94,179782,179554,136,56,36,105188,105057,64,9,58
"경기도","교육 서비스업",428816,359280,47388,20010,2138,134352,111747,13348,8659,598,294464,247533,34040,11351,1540
"경기도","보건업 및 사회복지 서비스업",494771,467131,5689,20105,1846,86586,74714,1644,9757,471,408185,392417,4045,10348,1375
"경기도","예술, 스포츠 및 여가관련 서비스업",135657,96698,27384,8343,3232,67994,47649,13877,5290,1178,67663,49049,13507,3053,2054
"경기도","협회 및 단체, 수리 및 기타 개인 서비스업",264014,164751,73674,17493,8096,137872,90750,34378,10484,2260,126142,74001,39296,7009,5836
"경기도","가구 내 고용활동 및 달리 분류되지 않은 자가 소비 생산활동",9632,6978,877,116,1661,372,175,23,-,174,9260,6803,854,116,1487
"경기도","국제 및 외국기관",6972,6946,20,-,6,4784,4775,3,-,6,2188,2171,17,-,-
"강원도","계",777948,560113,141041,34914,41880,437800,311430,92460,22701,11209,340148,248683,48581,12213,30671
"강원도","농업, 임업 및 어업",70430,9440,38978,2013,19999,44086,6789,31149,1714,4434,26344,2651,7829,299,15565
"강원도","광업",4516,4345,141,30,-,4091,3922,139,30,-,425,423,2,-,-
"강원도","제조업",62003,52812,5508,2122,1561,41462,35284,4077,1656,445,20541,17528,1431,466,1116
"강원도","전기, 가스, 증기 및 공기 조절 공급업",6651,6408,180,27,36,5648,5480,121,23,24,1003,928,59,4,12
"강원도","수도, 하수 및 폐기물 처리, 원료 재생업",5318,4829,230,175,84,4204,3828,204,133,39,1114,1001,26,42,45
"강원도","건설업",59094,44180,11057,3256,601,52648,38882,10581,2938,247,6446,5298,476,318,354
"강원도","도매 및 소매업",79602,44986,22041,6962,5613,41828,23596,11919,4649,1664,37774,21390,10122,2313,3949
"강원도","운수 및 창고업",30106,18605,10225,893,383,26727,15745,9997,834,151,3379,2860,228,59,232
"강원도","숙박 및 음식점업",86347,42476,23703,9768,10400,33192,15016,10007,4769,3400,53155,27460,13696,4999,7000
"강원도","정보통신업",12120,10932,739,369,80,8379,7515,523,309,32,3741,3417,216,60,48
"강원도","금융 및 보험업",22746,19826,2416,405,99,10107,9029,864,189,25,12639,10797,1552,216,74
"강원도","부동산업",13587,11025,1931,501,130,8922,7266,1280,337,39,4665,3759,651,164,91
"강원도","전문, 과학 및 기술 서비스업",17263,14082,1775,1235,171,10565,8196,1232,1088,49,6698,5886,543,147,122
"강원도","사업시설 관리, 사업 지원 및 임대 서비스업",23261,19463,2460,967,371,15141,12460,1904,675,102,8120,7003,556,292,269
"강원도","공공 행정, 국방 및 사회보장 행정",91969,91887,47,18,17,63143,63086,33,11,13,28826,28801,14,7,4
"강원도","교육 서비스업",56083,49361,5067,1452,203,20266,17869,1732,600,65,35817,31492,3335,852,138
"강원도","보건업 및 사회복지 서비스업",84159,80974,707,2143,335,18693,17318,153,1156,66,65466,63656,554,987,269
"강원도","예술, 스포츠 및 여가관련 서비스업",23131,18522,3366,799,444,13264,10772,1914,448,130,9867,7750,1452,351,314
"강원도","협회 및 단체, 수리 및 기타 개인 서비스업",28836,15389,10411,1778,1258,15367,9323,4621,1141,282,13469,6066,5790,637,976
"강원도","가구 내 고용활동 및 달리 분류되지 않은 자가 소비 생산활동",658,503,59,1,95,13,-,10,1,2,645,503,49,-,93
"강원도","국제 및 외국기관",68,68,-,-,-,54,54,-,-,-,14,14,-,-,-
"충청북도","계",825214,611143,137395,35246,41430,479709,351622,94604,23554,9929,345505,259521,42791,11692,31501
"충청북도","농업, 임업 및 어업",73710,5884,43183,1431,23212,44307,3999,34662,1185,4461,29403,1885,8521,246,18751
"충청북도","광업",1262,1160,71,31,-,1107,1005,71,31,-,155,155,-,-,-
"충청북도","제조업",211266,197996,7612,3866,1792,147163,137587,5858,3221,497,64103,60409,1754,645,1295
"충청북도","전기, 가스, 증기 및 공기 조절 공급업",2454,2245,123,75,11,1847,1699,78,65,5,607,546,45,10,6
"충청북도","수도, 하수 및 폐기물 처리, 원료 재생업",6345,5678,291,272,104,5139,4621,269,238,11,1206,1057,22,34,93
"충청북도","건설업",47982,35647,8995,2795,545,41777,30497,8531,2544,205,6205,5150,464,251,340
"충청북도","도매 및 소매업",76909,44093,20408,7323,5085,40820,22459,11995,4925,1441,36089,21634,8413,2398,3644
"충청북도","운수 및 창고업",35935,21781,12657,1063,434,31724,18139,12377,978,230,4211,3642,280,85,204
"충청북도","숙박 및 음식점업",60354,28972,16344,8026,7012,22325,9333,6682,4081,2229,38029,19639,9662,3945,4783
"충청북도","정보통신업",10094,9068,695,260,71,6726,6018,497,208,3,3368,3050,198,52,68
"충청북도","금융 및 보험업",17820,15107,2079,606,28,8059,7050,750,253,6,9761,8057,1329,353,22
"충청북도","부동산업",13293,10518,2203,470,102,8283,6714,1295,228,46,5010,3804,908,242,56
"충청북도","전문, 과학 및 기술 서비스업",20090,17002,1658,1257,173,12791,10335,1281,1138,37,7299,6667,377,119,136
"충청북도","사업시설 관리, 사업 지원 및 임대 서비스업",30876,26746,2465,1032,633,20541,17550,1908,800,283,10335,9196,557,232,350
"충청북도","공공 행정, 국방 및 사회보장 행정",48333,48309,20,-,4,30355,30346,5,-,4,17978,17963,15,-,-
"충청북도","교육 서비스업",57667,50962,4665,1868,172,21573,19411,1391,733,38,36094,31551,3274,1135,134
"충청북도","보건업 및 사회복지 서비스업",67179,63884,618,2417,260,12932,11246,200,1435,51,54247,52638,418,982,209
"충청북도","예술, 스포츠 및 여가관련 서비스업",14047,9395,3251,867,534,7173,4674,1844,483,172,6874,4721,1407,384,362
"충청북도","협회 및 단체, 수리 및 기타 개인 서비스업",28983,16273,9994,1578,1138,15032,8924,4899,1008,201,13951,7349,5095,570,937
"충청북도","가구 내 고용활동 및 달리 분류되지 않은 자가 소비 생산활동",603,415,59,9,120,23,7,7,-,9,580,408,52,9,111
"충청북도","국제 및 외국기관",12,8,4,-,-,12,8,4,-,-,-,-,-,-,-
"충청남도","계",1097633,786075,200138,44427,66993,649131,465920,136949,29933,16329,448502,320155,63189,14494,50664
"충청남도","농업, 임업 및 어업",138248,12620,80590,3008,42030,82267,8353,62819,2500,8595,55981,4267,17771,508,33435
"충청남도","광업",871,773,77,21,-,756,663,77,16,-,115,110,-,5,-
"충청남도","제조업",277151,259247,10229,5135,2540,205405,192515,7867,4327,696,71746,66732,2362,808,1844
"충청남도","전기, 가스, 증기 및 공기 조절 공급업",9464,9225,171,45,23,7934,7734,138,45,17,1530,1491,33,-,6
"충청남도","수도, 하수 및 폐기물 처리, 원료 재생업",7212,6345,359,230,278,5824,5234,299,209,82,1388,1111,60,21,196
"충청남도","건설업",64936,49669,11069,3557,641,56972,42931,10537,3239,265,7964,6738,532,318,376
"충청남도","도매 및 소매업",101052,56657,27777,9041,7577,51906,27456,16096,6077,2277,49146,29201,11681,2964,5300
"충청남도","운수 및 창고업",43138,26916,14442,1208,572,37633,22296,13932,1105,300,5505,4620,510,103,272
"충청남도","숙박 및 음식점업",80783,40602,20461,10362,9358,27759,11524,8238,5059,2938,53024,29078,12223,5303,6420
"충청남도","정보통신업",11420,10197,910,253,60,7989,7137,634,204,14,3431,3060,276,49,46
"충청남도","금융 및 보험업",24096,20496,2902,654,44,11344,9885,1075,368,16,12752,10611,1827,286,28
"충청남도","부동산업",17528,13554,3223,593,158,10603,8414,1805,352,32,6925,5140,1418,241,126
"충청남도","전문, 과학 및 기술 서비스업",23702,20249,1713,1531,209,15287,12706,1170,1340,71,8415,7543,543,191,138
"충청남도","사업시설 관리, 사업 지원 및 임대 서비스업",39585,34342,3349,1140,754,26864,23095,2710,776,283,12721,11247,639,364,471
"충청남도","공공 행정, 국방 및 사회보장 행정",58935,58877,44,-,14,36661,36627,22,-,12,22274,22250,22,-,2
"충청남도","교육 서비스업",65758,57523,6003,1914,318,22838,20226,1601,880,131,42920,37297,4402,1034,187
"충청남도","보건업 및 사회복지 서비스업",78869,75087,766,2665,351,12979,11366,152,1421,40,65890,63721,614,1244,311
"충청남도","예술, 스포츠 및 여가관련 서비스업",15420,10618,3372,955,475,7467,4864,1820,602,181,7953,5754,1552,353,294
"충청남도","협회 및 단체, 수리 및 기타 개인 서비스업",38345,22172,12626,2098,1449,20300,12573,5957,1413,357,18045,9599,6669,685,1092
"충청남도","가구 내 고용활동 및 달리 분류되지 않은 자가 소비 생산활동",767,553,55,17,142,46,24,-,-,22,721,529,55,17,120
"충청남도","국제 및 외국기관",353,353,-,-,-,297,297,-,-,-,56,56,-,-,-
"전라북도","계",870022,604206,171795,39213,54808,492118,333848,118054,26050,14166,377904,270358,53741,13163,40642
"전라북도","농업, 임업 및 어업",108692,10785,64011,2103,31793,65359,7725,48802,1714,7118,43333,3060,15209,389,24675
"전라북도","광업",522,435,68,19,-,433,358,58,17,-,89,77,10,2,-
"전라북도","제조업",125483,111639,8427,3199,2218,92738,83338,6253,2485,662,32745,28301,2174,714,1556
"전라북도","전기, 가스, 증기 및 공기 조절 공급업",4455,4172,256,16,11,3586,3411,148,16,11,869,761,108,-,-
"전라북도","수도, 하수 및 폐기물 처리, 원료 재생업",6219,5666,285,163,105,5093,4626,276,133,58,1126,1040,9,30,47
"전라북도","건설업",53627,40312,9954,2845,516,46249,33954,9452,2648,195,7378,6358,502,197,321
"전라북도","도매 및 소매업",94624,51112,27614,8443,7455,51372,27118,16494,5865,1895,43252,23994,11120,2578,5560
"전라북도","운수 및 창고업",36192,20436,14177,976,603,33123,18078,13848,869,328,3069,2358,329,107,275
"전라북도","숙박 및 음식점업",67136,33408,15654,9613,8461,25081,10352,6871,4968,2890,42055,23056,8783,4645,5571
"전라북도","정보통신업",11618,10507,856,208,47,8163,7390,579,182,12,3455,3117,277,26,35
"전라북도","금융 및 보험업",26217,22752,2674,711,80,12249,10922,958,336,33,13968,11830,1716,375,47
"전라북도","부동산업",13546,10533,2439,415,159,8908,7089,1511,265,43,4638,3444,928,150,116
"전라북도","전문, 과학 및 기술 서비스업",21605,18330,1631,1493,151,13010,10621,1134,1248,7,8595,7709,497,245,144
"전라북도","사업시설 관리, 사업 지원 및 임대 서비스업",30226,25855,3045,765,561,20123,17086,2291,547,199,10103,8769,754,218,362
"전라북도","공공 행정, 국방 및 사회보장 행정",62226,62178,22,4,22,36933,36898,13,-,22,25293,25280,9,4,-
"전라북도","교육 서비스업",63088,55323,5468,1987,310,22309,19552,1884,789,84,40779,35771,3584,1198,226
"전라북도","보건업 및 사회복지 서비스업",93183,88564,959,3283,377,19479,17199,316,1909,55,73704,71365,643,1374,322
"전라북도","예술, 스포츠 및 여가관련 서비스업",13901,10176,2422,879,424,7693,5454,1452,624,163,6208,4722,970,255,261
"전라북도","협회 및 단체, 수리 및 기타 개인 서비스업",36464,21220,11797,2082,1365,19858,12398,5692,1426,342,16606,8822,6105,656,1023
"전라북도","가구 내 고용활동 및 달리 분류되지 않은 자가 소비 생산활동",545,381,14,-,150,61,12,-,-,49,484,369,14,-,101
"전라북도","국제 및 외국기관",453,422,22,9,-,298,267,22,9,-,155,155,-,-,-
"전라남도","계",900132,581018,207117,35886,76111,517556,335413,140724,23611,17808,382576,245605,66393,12275,58303
"전라남도","농업, 임업 및 어업",175138,15839,103306,4553,51440,103305,11275,77829,3828,10373,71833,4564,25477,725,41067
"전라남도","광업",2104,1410,599,67,28,1610,1012,523,62,13,494,398,76,5,15
"전라남도","제조업",113063,99217,8279,2770,2797,90251,80992,6058,2337,864,22812,18225,2221,433,1933
"전라남도","전기, 가스, 증기 및 공기 조절 공급업",7575,7363,116,78,18,6356,6217,96,39,4,1219,1146,20,39,14
"전라남도","수도, 하수 및 폐기물 처리, 원료 재생업",5958,5458,276,127,97,4956,4552,255,115,34,1002,906,21,12,63
"전라남도","건설업",64699,51455,9883,2779,582,57047,44727,9406,2657,257,7652,6728,477,122,325
"전라남도","도매 및 소매업",87107,44808,26736,7571,7992,45367,23578,14634,5055,2100,41740,21230,12102,2516,5892
"전라남도","운수 및 창고업",38843,26098,11388,888,469,34857,22805,11034,825,193,3986,3293,354,63,276
"전라남도","숙박 및 음식점업",67976,30676,19270,8932,9098,22259,8142,7263,3959,2895,45717,22534,12007,4973,6203
"전라남도","정보통신업",8439,7732,485,188,34,6295,5798,343,143,11,2144,1934,142,45,23
"전라남도","금융 및 보험업",23409,20552,2279,507,71,10657,9689,766,172,30,12752,10863,1513,335,41
"전라남도","부동산업",10696,8747,1588,259,102,6848,5559,1050,173,66,3848,3188,538,86,36
"전라남도","전문, 과학 및 기술 서비스업",15463,13459,1149,719,136,9878,8281,902,642,53,5585,5178,247,77,83
"전라남도","사업시설 관리, 사업 지원 및 임대 서비스업",32081,28100,2579,778,624,23328,20498,1943,598,289,8753,7602,636,180,335
"전라남도","공공 행정, 국방 및 사회보장 행정",73004,72941,29,18,16,39603,39564,15,13,11,33401,33377,14,5,5
"전라남도","교육 서비스업",49552,43440,4437,1322,353,17451,15431,1453,449,118,32101,28009,2984,873,235
"전라남도","보건업 및 사회복지 서비스업",79516,76164,753,2339,260,13755,12160,258,1292,45,65761,64004,495,1047,215
"전라남도","예술, 스포츠 및 여가관련 서비스업",12510,9280,2418,523,289,6284,4582,1332,295,75,6226,4698,1086,228,214
"전라남도","협회 및 단체, 수리 및 기타 개인 서비스업",32405,17870,11539,1455,1541,17414,10549,5560,957,348,14991,7321,5979,498,1193
"전라남도","가구 내 고용활동 및 달리 분류되지 않은 자가 소비 생산활동",594,409,8,13,164,35,2,4,-,29,559,407,4,13,135
"경상북도","계",1284245,854426,279862,51698,98259,752259,500404,193577,34962,23316,531986,354022,86285,16736,74943
"경상북도","농업, 임업 및 어업",198643,13562,117069,3546,64466,117520,8739,92843,2948,12990,81123,4823,24226,598,51476
"경상북도","광업",869,808,36,20,5,731,678,36,17,-,138,130,-,3,5
"경상북도","제조업",267572,243850,14213,5983,3526,201602,184585,10816,5213,988,65970,59265,3397,770,2538
"경상북도","전기, 가스, 증기 및 공기 조절 공급업",9554,9357,124,56,17,7752,7580,108,47,17,1802,1777,16,9,-
"경상북도","수도, 하수 및 폐기물 처리, 원료 재생업",9367,8457,452,292,166,7555,6837,378,241,99,1812,1620,74,51,67
"경상북도","건설업",73401,53599,14816,4036,950,65210,46879,14203,3732,396,8191,6720,613,304,554
"경상북도","도매 및 소매업",123329,64861,37935,10501,10032,65364,33784,21600,7297,2683,57965,31077,16335,3204,7349
"경상북도","운수 및 창고업",54409,31340,20875,1437,757,48320,26460,20297,1240,323,6089,4880,578,197,434
"경상북도","숙박 및 음식점업",99234,43527,30092,12322,13293,34710,12489,11768,6126,4327,64524,31038,18324,6196,8966
"경상북도","정보통신업",12915,11566,942,359,48,9355,8371,663,304,17,3560,3195,279,55,31
"경상북도","금융 및 보험업",27525,23759,2976,659,131,12523,11091,1110,300,22,15002,12668,1866,359,109
"경상북도","부동산업",16331,12316,3146,608,261,10557,8003,2021,449,84,5774,4313,1125,159,177
"경상북도","전문, 과학 및 기술 서비스업",24008,20257,2216,1375,160,15983,13060,1695,1189,39,8025,7197,521,186,121
"경상북도","사업시설 관리, 사업 지원 및 임대 서비스업",37868,32167,3900,1147,654,25408,21453,2849,854,252,12460,10714,1051,293,402
"경상북도","공공 행정, 국방 및 사회보장 행정",79847,79797,30,2,18,48685,48668,4,-,13,31162,31129,26,2,5
"경상북도","교육 서비스업",76533,65678,7914,2534,407,27596,23855,2505,1064,172,48937,41823,5409,1470,235
"경상북도","보건업 및 사회복지 서비스업",105551,100928,966,3303,354,18793,16671,287,1729,106,86758,84257,679,1574,248
"경상북도","예술, 스포츠 및 여가관련 서비스업",19668,13769,4140,1041,718,9968,6961,2134,600,273,9700,6808,2006,441,445
"경상북도","협회 및 단체, 수리 및 기타 개인 서비스업",45787,23162,17994,2474,2157,23883,13518,8258,1612,495,21904,9644,9736,862,1662
"경상북도","가구 내 고용활동 및 달리 분류되지 않은 자가 소비 생산활동",1008,840,26,3,139,44,22,2,-,20,964,818,24,3,119
"경상북도","국제 및 외국기관",826,826,-,-,-,700,700,-,-,-,126,126,-,-,-
"경상남도","계",1633692,1198469,276386,77387,81450,950187,700276,178417,51276,20218,683505,498193,97969,26111,61232
"경상남도","농업, 임업 및 어업",131664,15544,73007,4087,39026,76405,9184,56700,3315,7206,55259,6360,16307,772,31820
"경상남도","광업",735,651,43,14,27,649,587,32,14,16,86,64,11,-,11
"경상남도","제조업",412601,376810,19219,12434,4138,322316,294900,15476,10730,1210,90285,81910,3743,1704,2928
"경상남도","전기, 가스, 증기 및 공기 조절 공급업",7865,7675,135,48,7,6567,6420,104,36,7,1298,1255,31,12,-
"경상남도","수도, 하수 및 폐기물 처리, 원료 재생업",10085,8948,437,379,321,7865,7055,387,294,129,2220,1893,50,85,192
"경상남도","건설업",92724,69427,16777,5417,1103,80185,59035,15775,4918,457,12539,10392,1002,499,646
"경상남도","도매 및 소매업",170866,98558,45818,14926,11564,85917,48472,24455,9896,3094,84949,50086,21363,5030,8470
"경상남도","운수 및 창고업",77251,48055,25463,2481,1252,68056,40465,24681,2337,573,9195,7590,782,144,679
"경상남도","숙박 및 음식점업",135477,63522,37424,17028,17503,45395,16795,14581,8319,5700,90082,46727,22843,8709,11803
"경상남도","정보통신업",16014,14230,1267,444,73,10978,9726,815,386,51,5036,4504,452,58,22
"경상남도","금융 및 보험업",41910,35394,5017,1354,145,17702,15597,1628,431,46,24208,19797,3389,923,99
"경상남도","부동산업",28043,21966,5000,813,264,16804,13661,2632,436,75,11239,8305,2368,377,189
"경상남도","전문, 과학 및 기술 서비스업",37385,31411,3325,2295,354,24348,19737,2560,1969,82,13037,11674,765,326,272
"경상남도","사업시설 관리, 사업 지원 및 임대 서비스업",46280,39526,4365,1621,768,29189,24541,3216,1219,213,17091,14985,1149,402,555
"경상남도","공공 행정, 국방 및 사회보장 행정",99859,99822,13,-,24,61620,61591,5,-,24,38239,38231,8,-,-
"경상남도","교육 서비스업",99999,83903,11307,4239,550,30946,26099,3089,1619,139,69053,57804,8218,2620,411
"경상남도","보건업 및 사회복지 서비스업",140525,133979,1278,4636,632,23517,20739,393,2237,148,117008,113240,885,2399,484
"경상남도","예술, 스포츠 및 여가관련 서비스업",24896,17681,4868,1690,657,12270,8594,2372,1057,247,12626,9087,2496,633,410
"경상남도","협회 및 단체, 수리 및 기타 개인 서비스업",57842,30236,21546,3441,2619,29338,16993,9513,2063,769,28504,13243,12033,1378,1850
"경상남도","가구 내 고용활동 및 달리 분류되지 않은 자가 소비 생산활동",1600,1060,77,40,423,59,24,3,-,32,1541,1036,74,40,391
"경상남도","국제 및 외국기관",71,71,-,-,-,61,61,-,-,-,10,10,-,-,-
"제주특별자치도","계",353095,236949,72543,21010,22593,192998,127260,46195,13524,6019,160097,109689,26348,7486,16574
"제주특별자치도","농업, 임업 및 어업",46494,10135,23448,1957,10954,27633,6961,16657,1659,2356,18861,3174,6791,298,8598
"제주특별자치도","광업",17,12,-,5,-,11,6,-,5,-,6,6,-,-,-
"제주특별자치도","제조업",14500,11092,1917,1046,445,9206,7037,1341,723,105,5294,4055,576,323,340
"제주특별자치도","전기, 가스, 증기 및 공기 조절 공급업",2198,2139,59,-,-,1899,1849,50,-,-,299,290,9,-,-
"제주특별자치도","수도, 하수 및 폐기물 처리, 원료 재생업",1371,1276,40,29,26,1163,1108,34,9,12,208,168,6,20,14
"제주특별자치도","건설업",24976,18099,4971,1557,349,21367,15215,4607,1421,124,3609,2884,364,136,225
"제주특별자치도","도매 및 소매업",47837,30261,10170,4136,3270,24669,15594,5487,2689,899,23168,14667,4683,1447,2371
"제주특별자치도","운수 및 창고업",18764,12295,5671,510,288,16341,10240,5527,451,123,2423,2055,144,59,165
"제주특별자치도","숙박 및 음식점업",50304,27219,11342,6271,5472,21358,11050,5290,3152,1866,28946,16169,6052,3119,3606
"제주특별자치도","정보통신업",5931,5365,394,125,47,4012,3666,247,99,-,1919,1699,147,26,47
"제주특별자치도","금융 및 보험업",10124,8733,1053,302,36,5042,4450,402,156,34,5082,4283,651,146,2
"제주특별자치도","부동산업",5566,3748,1608,144,66,3493,2361,989,106,37,2073,1387,619,38,29
"제주특별자치도","전문, 과학 및 기술 서비스업",8830,7002,1135,598,95,5231,3903,788,502,38,3599,3099,347,96,57
"제주특별자치도","사업시설 관리, 사업 지원 및 임대 서비스업",16330,13515,1916,603,296,10684,8705,1415,462,102,5646,4810,501,141,194
"제주특별자치도","공공 행정, 국방 및 사회보장 행정",23988,23964,14,-,10,14195,14171,14,-,10,9793,9793,-,-,-
"제주특별자치도","교육 서비스업",22023,18166,2719,943,195,7552,6187,967,330,68,14471,11979,1752,613,127
"제주특별자치도","보건업 및 사회복지 서비스업",28325,26494,298,1377,156,6552,5528,62,918,44,21773,20966,236,459,112
"제주특별자치도","예술, 스포츠 및 여가관련 서비스업",11189,8877,1526,590,196,5811,4781,668,325,37,5378,4096,858,265,159
"제주특별자치도","협회 및 단체, 수리 및 기타 개인 서비스업",14153,8425,4243,810,675,6769,4445,1650,510,164,7384,3980,2593,300,511
"제주특별자치도","가구 내 고용활동 및 달리 분류되지 않은 자가 소비 생산활동",165,129,19,-,17,-,-,-,-,-,165,129,19,-,17
"제주특별자치도","국제 및 외국기관",10,3,-,7,-,10,3,-,7,-,-,-,-,-,-
